CODIGO_DO_ORGAO,ORGAO,CODIGO_DA_UO,UNIDADE_ORCAMENTARIA,FUNCAO,SUBFUNCAO,PROGRAMA,IDENTIFICADOR,PROJETO_ATIVIDADE,ACAO,SUBPROJETO,FONTE,IAG,DESCRICAO,CATEGORIA,CODIGO_DA_NATUREZA,NATUREZA,VALOR_2024,VALOR_2025,VALOR_2026,VALOR_2027
1220,SECRETARIA DE ESTADO DE DESENVOLVIMENTO ECONÔMICO - SEDE,5011,COMPANHIA DE DESENVOLVIMENTO ECONÔMICO DE MINAS GERAIS - CODEMIG,4,122,133,3,17,3017,0,51,0,MANUTENÇÃO E AQUISIÇÕES DA CODEMIG,4610 - IMOBILIZAÇÕES,4614,"MÁQUINAS, APARELHOS E EQUIPAMENTOS",1000,1000,1000,1000
1220,SECRETARIA DE ESTADO DE DESENVOLVIMENTO ECONÔMICO - SEDE,5031,COMPANHIA DE DESENVOLVIMENTO DE MINAS GERAIS - CODEMG,19,572,133,3,15,3015,0,51,0,"GESTÃO DE INFRAESTRUTURA, CONSÓRCIOS E EQUIPAMENTOS CULTURAIS E TURÍSTICOS",4610 - IMOBILIZAÇÕES,4613,OBRAS E INSTALAÇÕES,12580000,1000,1000,1000
1220,SECRETARIA DE ESTADO DE DESENVOLVIMENTO ECONÔMICO - SEDE,5071,COMPANHIA DE HABITAÇÃO DO ESTADO DE MINAS GERAIS - COHAB,16,122,705,6,10,6010,0,51,0,MANUTENÇÃO E ADEQUAÇÃO DA INFRAESTRUTURA ADMINISTRATIVA - COHAB,4610 - IMOBILIZAÇÕES,4614,"MÁQUINAS, APARELHOS E EQUIPAMENTOS",120000,120000,120000,120000
1220,SECRETARIA DE ESTADO DE DESENVOLVIMENTO ECONÔMICO - SEDE,5081,COMPANHIA DE SANEAMENTO DE MINAS GERAIS - COPASA,17,512,21,6,9,6009,0,22,0,ADEQUAÇÃO DA INFRA-ESTRUTURA ADMINISTRATIVA E OPERACIONAL - COPASA,4610 - IMOBILIZAÇÕES,4614,"MÁQUINAS, APARELHOS E EQUIPAMENTOS",50000000,50000000,50000000,50000000
1220,SECRETARIA DE ESTADO DE DESENVOLVIMENTO ECONÔMICO - SEDE,5081,COMPANHIA DE SANEAMENTO DE MINAS GERAIS - COPASA,17,512,21,6,9,6009,0,51,0,ADEQUAÇÃO DA INFRA-ESTRUTURA ADMINISTRATIVA E OPERACIONAL - COPASA,4610 - IMOBILIZAÇÕES,4614,"MÁQUINAS, APARELHOS E EQUIPAMENTOS",50000000,50000000,50000000,50000000
1220,SECRETARIA DE ESTADO DE DESENVOLVIMENTO ECONÔMICO - SEDE,5081,COMPANHIA DE SANEAMENTO DE MINAS GERAIS - COPASA,17,512,21,8,8,8008,0,21,0,UNIVERSALIZAÇÃO DOS SERVIÇOS DE SANEAMENTO NA ÁREA DA COPASA,4610 - IMOBILIZAÇÕES,4613,OBRAS E INSTALAÇÕES,250000000,250000000,250000000,250000000
1220,SECRETARIA DE ESTADO DE DESENVOLVIMENTO ECONÔMICO - SEDE,5081,COMPANHIA DE SANEAMENTO DE MINAS GERAIS - COPASA,17,512,21,8,8,8008,0,22,0,UNIVERSALIZAÇÃO DOS SERVIÇOS DE SANEAMENTO NA ÁREA DA COPASA,4610 - IMOBILIZAÇÕES,4614,"MÁQUINAS, APARELHOS E EQUIPAMENTOS",40000000,40000000,40000000,40000000
1220,SECRETARIA DE ESTADO DE DESENVOLVIMENTO ECONÔMICO - SEDE,5081,COMPANHIA DE SANEAMENTO DE MINAS GERAIS - COPASA,17,512,21,8,8,8008,0,22,0,UNIVERSALIZAÇÃO DOS SERVIÇOS DE SANEAMENTO NA ÁREA DA COPASA,4610 - IMOBILIZAÇÕES,4613,OBRAS E INSTALAÇÕES,1062500000,1040500000,1040500000,1040500000
1220,SECRETARIA DE ESTADO DE DESENVOLVIMENTO ECONÔMICO - SEDE,5081,COMPANHIA DE SANEAMENTO DE MINAS GERAIS - COPASA,17,512,21,8,8,8008,0,51,0,UNIVERSALIZAÇÃO DOS SERVIÇOS DE SANEAMENTO NA ÁREA DA COPASA,4610 - IMOBILIZAÇÕES,4611,TERRENOS,100000000,100000000,100000000,100000000
1220,SECRETARIA DE ESTADO DE DESENVOLVIMENTO ECONÔMICO - SEDE,5081,COMPANHIA DE SANEAMENTO DE MINAS GERAIS - COPASA,17,512,21,8,8,8008,0,51,0,UNIVERSALIZAÇÃO DOS SERVIÇOS DE SANEAMENTO NA ÁREA DA COPASA,4610 - IMOBILIZAÇÕES,4613,OBRAS E INSTALAÇÕES,97500000,97500000,97500000,97500000
1220,SECRETARIA DE ESTADO DE DESENVOLVIMENTO ECONÔMICO - SEDE,5081,COMPANHIA DE SANEAMENTO DE MINAS GERAIS - COPASA,17,512,21,8,9,8009,0,51,0,PPP SISTEMA ADUTOR RIO MANSO,4610 - IMOBILIZAÇÕES,4613,OBRAS E INSTALAÇÕES,45752420,42380044,42380044,42380044
1220,SECRETARIA DE ESTADO DE DESENVOLVIMENTO ECONÔMICO - SEDE,5121,COMPANHIA ENERGÉTICA DE MINAS GERAIS - CEMIG HOLDING,25,752,35,3,10,3010,0,51,0,INVESTIMENTOS EM PARTICIPAÇÕES SOCIETÁRIAS CEMIG HOLDING,4510 - PARTICIPAÇÃO SOCIETÁRIA,4511,SOCIEDADES CONTROLADAS,344720630,222303420,4942214,0
1220,SECRETARIA DE ESTADO DE DESENVOLVIMENTO ECONÔMICO - SEDE,5121,COMPANHIA ENERGÉTICA DE MINAS GERAIS - CEMIG HOLDING,25,752,35,3,11,3011,0,51,0,MANUTENÇÃO DA INFRAESTRUTURA DA CEMIG HOLDING,4810 - OUTRAS APLICAÇÕES,4817,EQUIPAMENTOS E SOFTWARE,40000,40000,40000,1000000
1220,SECRETARIA DE ESTADO DE DESENVOLVIMENTO ECONÔMICO - SEDE,5131,AGÊNCIA DE PROMOÇÃO DE INVESTIMENTOS DE MINAS GERAIS - INVEST MINAS,22,122,142,6,8,6008,0,51,0,MANUTENÇÃO DA INFRAESTRUTURA ADMINISTRATIVA E OPERACIONAL DA INVEST MINAS,4810 - OUTRAS APLICAÇÕES,4817,EQUIPAMENTOS E SOFTWARE,0,0,0,0
1220,SECRETARIA DE ESTADO DE DESENVOLVIMENTO ECONÔMICO - SEDE,5131,AGÊNCIA DE PROMOÇÃO DE INVESTIMENTOS DE MINAS GERAIS - INVEST MINAS,22,122,142,6,8,6008,0,51,0,MANUTENÇÃO DA INFRAESTRUTURA ADMINISTRATIVA E OPERACIONAL DA INVEST MINAS,4610 - IMOBILIZAÇÕES,4614,"MÁQUINAS, APARELHOS E EQUIPAMENTOS",500000,500000,500000,500000
1220,SECRETARIA DE ESTADO DE DESENVOLVIMENTO ECONÔMICO - SEDE,5191,MINAS GERAIS PARTICIPAÇÕES S.A - MGI,4,122,13,6,11,6011,0,51,0,MANUTENÇÃO E ADEQUAÇÃO DA INFRAESTRUTURA DA MGI,4810 - OUTRAS APLICAÇÕES,4817,EQUIPAMENTOS E SOFTWARE,670000,150000,110000,90000
1220,SECRETARIA DE ESTADO DE DESENVOLVIMENTO ECONÔMICO - SEDE,5191,MINAS GERAIS PARTICIPAÇÕES S.A - MGI,4,122,24,6,2,6002,0,11,0,SUPORTE AO DESENVOLVIMENTO ESTADUAL,4810 - OUTRAS APLICAÇÕES,4819,OUTRAS APLICAÇÕES,1000,1000,1000,1000
1220,SECRETARIA DE ESTADO DE DESENVOLVIMENTO ECONÔMICO - SEDE,5191,MINAS GERAIS PARTICIPAÇÕES S.A - MGI,4,122,24,6,2,6002,0,51,0,SUPORTE AO DESENVOLVIMENTO ESTADUAL,4810 - OUTRAS APLICAÇÕES,4819,OUTRAS APLICAÇÕES,186000,1000,1000,1000
1220,SECRETARIA DE ESTADO DE DESENVOLVIMENTO ECONÔMICO - SEDE,5191,MINAS GERAIS PARTICIPAÇÕES S.A - MGI,4,123,13,6,1,6001,0,51,0,INVESTIMENTOS VIA PARTICIPAÇÃO SOCIETÁRIA,4510 - PARTICIPAÇÃO SOCIETÁRIA,4511,SOCIEDADES CONTROLADAS,1000,1000,1000,1000
1220,SECRETARIA DE ESTADO DE DESENVOLVIMENTO ECONÔMICO - SEDE,5201,BANCO DE DESENVOLVIMENTO DE MINAS GERAIS S.A - BDMG,23,122,17,6,4,6004,0,12,0,MANUTENÇÃO E ADEQUAÇÃO DA INFRA-ESTRUTURA ADMINISTRATIVA E OPERACIONAL DO BDMG,4810 - OUTRAS APLICAÇÕES,4813,INTANGÍVEIS E OUTROS INVESTIMENTOS,23908160,23908000,23908000,23908000
1220,SECRETARIA DE ESTADO DE DESENVOLVIMENTO ECONÔMICO - SEDE,5201,BANCO DE DESENVOLVIMENTO DE MINAS GERAIS S.A - BDMG,23,694,171,8,6,8006,0,12,0,FINANCIAMENTO À INFRAESTRUTURA E AO DESENVOLVIMENTO SUSTENTÁVEL EM MG ENTRE BDMG E NEW DEVELOPMENT BANK (BDMG INFRA ODS),4810 - OUTRAS APLICAÇÕES,4819,OUTRAS APLICAÇÕES,600000000,400000000,1000,1000
1220,SECRETARIA DE ESTADO DE DESENVOLVIMENTO ECONÔMICO - SEDE,5251,COMPANHIA DE GÁS DE MINAS GERAIS - GASMIG,25,121,133,3,18,3018,0,61,0,GÁS COMPETITIVO- EXPANSÃO DA REDE DE GÁS NATURAL,4610 - IMOBILIZAÇÕES,4614,"MÁQUINAS, APARELHOS E EQUIPAMENTOS",409881263,416795211,433214634,285354938
1220,SECRETARIA DE ESTADO DE DESENVOLVIMENTO ECONÔMICO - SEDE,5381,MINAS GERAIS ADMINISTRAÇÃO E SERVIÇOS S.A - MGS,4,122,57,8,2,8002,0,11,0,INVESTIMENTOS EM ATIVO FIXO PARA PRESTAÇÃO DE SERVIÇO,4810 - OUTRAS APLICAÇÕES,4819,OUTRAS APLICAÇÕES,1000,1000,1000,1000
1220,SECRETARIA DE ESTADO DE DESENVOLVIMENTO ECONÔMICO - SEDE,5381,MINAS GERAIS ADMINISTRAÇÃO E SERVIÇOS S.A - MGS,4,122,57,8,2,8002,0,51,0,INVESTIMENTOS EM ATIVO FIXO PARA PRESTAÇÃO DE SERVIÇO,4810 - OUTRAS APLICAÇÕES,4817,EQUIPAMENTOS E SOFTWARE,4000000,2500000,2000000,1500000
1220,SECRETARIA DE ESTADO DE DESENVOLVIMENTO ECONÔMICO - SEDE,5381,MINAS GERAIS ADMINISTRAÇÃO E SERVIÇOS S.A - MGS,4,122,57,8,2,8002,0,51,0,INVESTIMENTOS EM ATIVO FIXO PARA PRESTAÇÃO DE SERVIÇO,4610 - IMOBILIZAÇÕES,4615,MÓVEIS E UTENSÍLIOS,200000,200000,200000,200000
1220,SECRETARIA DE ESTADO DE DESENVOLVIMENTO ECONÔMICO - SEDE,5381,MINAS GERAIS ADMINISTRAÇÃO E SERVIÇOS S.A - MGS,4,122,57,8,2,8002,0,51,0,INVESTIMENTOS EM ATIVO FIXO PARA PRESTAÇÃO DE SERVIÇO,4610 - IMOBILIZAÇÕES,4614,"MÁQUINAS, APARELHOS E EQUIPAMENTOS",4300000,4000000,3500000,3500000
1220,SECRETARIA DE ESTADO DE DESENVOLVIMENTO ECONÔMICO - SEDE,5391,CEMIG GERAÇÃO E TRANSMISSÃO S.A - CEMIG GERAÇÃO E TRANSMISSÃO,25,752,92,3,4,3004,0,51,0,EXPANSÃO DO SISTEMA DE TRANSMISSÃO,4610 - IMOBILIZAÇÕES,4613,OBRAS E INSTALAÇÕES,198940203,224669708,92100648,13570642
1220,SECRETARIA DE ESTADO DE DESENVOLVIMENTO ECONÔMICO - SEDE,5391,CEMIG GERAÇÃO E TRANSMISSÃO S.A - CEMIG GERAÇÃO E TRANSMISSÃO,25,752,92,3,5,3005,0,51,0,REFORMAS DE SUBESTAÇÕES E LINHAS DE TRANSMISSÃO,4610 - IMOBILIZAÇÕES,4613,OBRAS E INSTALAÇÕES,241821909,515862966,537405240,480353203
1220,SECRETARIA DE ESTADO DE DESENVOLVIMENTO ECONÔMICO - SEDE,5391,CEMIG GERAÇÃO E TRANSMISSÃO S.A - CEMIG GERAÇÃO E TRANSMISSÃO,25,752,92,3,6,3006,0,51,0,MANUTENÇÃO DA INFRAESTRUTURA DA TRANSMISSÃO,4610 - IMOBILIZAÇÕES,4614,"MÁQUINAS, APARELHOS E EQUIPAMENTOS",30805275,15389442,4894000,25171936
1220,SECRETARIA DE ESTADO DE DESENVOLVIMENTO ECONÔMICO - SEDE,5391,CEMIG GERAÇÃO E TRANSMISSÃO S.A - CEMIG GERAÇÃO E TRANSMISSÃO,25,752,94,3,1,3001,0,51,0,EXPANSÃO DO SISTEMA DE GERAÇÃO,4610 - IMOBILIZAÇÕES,4613,OBRAS E INSTALAÇÕES,49096963,0,0,0
1220,SECRETARIA DE ESTADO DE DESENVOLVIMENTO ECONÔMICO - SEDE,5391,CEMIG GERAÇÃO E TRANSMISSÃO S.A - CEMIG GERAÇÃO E TRANSMISSÃO,25,752,94,3,7,3007,0,51,0,"REFORMAS, MELHORIAS E AMPLIAÇÕES DE USINAS",4610 - IMOBILIZAÇÕES,4614,"MÁQUINAS, APARELHOS E EQUIPAMENTOS",130600000,174928000,139546000,125024000
1220,SECRETARIA DE ESTADO DE DESENVOLVIMENTO ECONÔMICO - SEDE,5391,CEMIG GERAÇÃO E TRANSMISSÃO S.A - CEMIG GERAÇÃO E TRANSMISSÃO,25,752,94,3,8,3008,0,51,0,MANUTENÇÃO DA INFRAESTRUTURA DA GERAÇÃO,4610 - IMOBILIZAÇÕES,4614,"MÁQUINAS, APARELHOS E EQUIPAMENTOS",13194360,8683890,13879558,70075101
1220,SECRETARIA DE ESTADO DE DESENVOLVIMENTO ECONÔMICO - SEDE,5391,CEMIG GERAÇÃO E TRANSMISSÃO S.A - CEMIG GERAÇÃO E TRANSMISSÃO,25,752,94,3,14,3014,0,51,0,INVESTIMENTOS EM PARTICIPAÇÕES SOCIETÁRIAS CEMIG GERAÇÃO E TRANSMISSÃO,4510 - PARTICIPAÇÃO SOCIETÁRIA,4511,SOCIEDADES CONTROLADAS,508846661,2115585319,511690078,119701000
1220,SECRETARIA DE ESTADO DE DESENVOLVIMENTO ECONÔMICO - SEDE,5401,CEMIG DISTRIBUIÇÃO S.A - CEMIG DISTRIBUIDORA,25,752,72,3,2,3002,0,51,0,EXECUÇÃO DO PLANO DE DESENVOLVIMENTO DA DISTRIBUIDORA (PDD),4610 - IMOBILIZAÇÕES,4613,OBRAS E INSTALAÇÕES,3487433034,3930724350,4329558721,3703598493
1220,SECRETARIA DE ESTADO DE DESENVOLVIMENTO ECONÔMICO - SEDE,5401,CEMIG DISTRIBUIÇÃO S.A - CEMIG DISTRIBUIDORA,25,752,72,3,3,3003,0,51,0,MANUTENÇÃO DA INFRAESTRUTURA DA DISTRIBUIÇÃO,4610 - IMOBILIZAÇÕES,4614,"MÁQUINAS, APARELHOS E EQUIPAMENTOS",247223810,224139298,143327686,188131849
1220,SECRETARIA DE ESTADO DE DESENVOLVIMENTO ECONÔMICO - SEDE,5511,COPASA - SERVIÇOS DE SANEAMENTO INTEGRADO DO NORTE E NORDESTE DE MINAS GERAIS S/A - COPANOR,17,512,21,6,12,6012,0,51,0,ADEQUAÇÃO DA INFRAESTRUTURA ADMINISTRATIVA E OPERACIONAL DA COPANOR,4610 - IMOBILIZAÇÕES,4614,"MÁQUINAS, APARELHOS E EQUIPAMENTOS",2000000,2000000,2000000,2000000
1220,SECRETARIA DE ESTADO DE DESENVOLVIMENTO ECONÔMICO - SEDE,5511,COPASA - SERVIÇOS DE SANEAMENTO INTEGRADO DO NORTE E NORDESTE DE MINAS GERAIS S/A - COPANOR,17,512,21,8,12,8012,0,51,0,UNIVERSALIZAÇÃO DOS SERVIÇOS DE SANEAMENTO NA ÁREA DE ATUAÇÃO DA COPANOR,4610 - IMOBILIZAÇÕES,4613,OBRAS E INSTALAÇÕES,45000000,45000000,45000000,45000000
1300,"SECRETARIA DE ESTADO DE INFRAESTRUTURA, MOBILIDADE E PARCERIA - SEINFRA",5261,TREM METROPOLITANO DE BELO HORIZONTE S.A - TREM METROPOLITANO,26,783,705,8,11,8011,0,11,0,MANUTENÇÃO E ADEQUAÇÃO DA INFRA-ESTRUTURA ADMINISTRATIVA E OPERACIONAL - TRANSPORTES METROPOLITANOS,4510 - PARTICIPAÇÃO SOCIETÁRIA,4511,SOCIEDADES CONTROLADAS,1000,0,0,0
1500,SECRETARIA DE ESTADO DE PLANEJAMENTO E GESTÃO - SEPLAG,5141,COMPANHIA DE TECNOLOGIA DA INFORMAÇÃO DO ESTADO DE MINAS GERAIS - PRODEMGE,4,126,30,6,6,6006,0,51,0,MANUTENÇÃO DAS UNIDADES PREDIAIS,4610 - IMOBILIZAÇÕES,4613,OBRAS E INSTALAÇÕES,3280000,13250000,6250000,3250000
1500,SECRETARIA DE ESTADO DE PLANEJAMENTO E GESTÃO - SEPLAG,5141,COMPANHIA DE TECNOLOGIA DA INFORMAÇÃO DO ESTADO DE MINAS GERAIS - PRODEMGE,4,126,30,8,1,8001,0,51,0,AQUISIÇÃO DE HARDWARES E SOFTWARES PARA PRESTAÇÃO DE SERVIÇOS EM TECNOLOGIA DA INFORMAÇÃO E COMUNICAÇÃO,4810 - OUTRAS APLICAÇÕES,4817,EQUIPAMENTOS E SOFTWARE,35386354,39030861,31646705,26305815
