COD_UO,UO,GRUPO_DE_DESPESA,FONTE,IPU,IAG,VALOR_LIMITE_2024,VALOR_UTILIZADO_2024,VALOR_TRANSFERIDO,VALOR_LIMITE_2025,VALOR_UTILIZADO_2025,VALOR_LIMITE_2026,VALOR_UTILIZADO_2026,VALOR_LIMITE_2027,VALOR_UTILIZADO_2027
1011,ALMG,1,10,9,0,1000,0,0,1000,0,1000,0,1000,0
1021,TCEMG,1,10,9,0,1000,0,0,1000,0,1000,0,1000,0
1031,TJMG,1,10,9,0,1000,1000,0,1000,1000,1000,1000,1000,1000
1051,TJMMG,1,10,9,0,1000,0,0,1000,0,1000,0,1000,0
1071,GABINETE MILITAR,3,10,7,0,1679778,1679778,0,1720916,1720916,1763063,1763063,1806240,1806240
1071,GABINETE MILITAR,1,10,1,0,8455234,8455234,0,8662296,8662296,8874429,8874429,9091755,9091755
1071,GABINETE MILITAR,4,95,1,0,10000000,10000000,0,0,0,0,0,0,0
1071,GABINETE MILITAR,4,10,1,0,2000,2000,0,2000,2000,2000,2000,2000,2000
1071,GABINETE MILITAR,3,10,1,0,24133537,24133537,0,25301600,25301600,26526197,26526197,27810065,27810065
1081,AGE,1,10,1,0,327812064,327812064,0,335839660,335839660,344063838,344063838,352489413,352489413
1081,AGE,3,95,1,0,436099,436099,0,0,0,0,0,0,0
1081,AGE,3,10,9,0,286661111,286661111,0,0,0,0,0,0,0
1081,AGE,4,95,1,0,17000000,17000000,0,0,0,0,0,0,0
1081,AGE,3,10,7,0,22421211,22421211,0,22970271,22970271,23532778,23532778,24109060,24109060
1081,AGE,1,10,9,0,1546186695,1546186695,0,0,0,0,0,0,0
1081,AGE,3,10,1,0,25533116,25533116,0,26768919,26768919,28064535,28064535,29422858,29422858
1081,AGE,4,10,1,0,4080000,4080000,0,4080000,4080000,4080000,4080000,4080000,4080000
1091,PGJ,1,10,9,0,1000,0,0,1000,0,1000,0,1000,0
1101,OGE,3,95,1,0,228190,228190,0,0,0,0,0,0,0
1101,OGE,4,10,1,0,32490,32490,0,32490,32490,32490,32490,32490,32490
1101,OGE,3,10,1,0,2068757,2068757,0,2168885,2168885,2273859,2273859,2383914,2383914
1101,OGE,3,10,7,0,1511584,1511584,0,1548606,1548606,1586533,1586533,1625388,1625388
1101,OGE,1,10,1,0,12891237,12891237,0,13206932,13206932,13530355,13530355,13861701,13861701
1191,SEF,3,29,1,0,35854007,35854007,0,37723005,37723005,39548798,39548798,41462960,41462960
1191,SEF,1,10,1,0,360684336,360684336,0,371577003,371577003,382724314,382724314,394206044,394206044
1191,SEF,1,15,1,0,1034496044,1034496044,0,1065737825,1065737825,1097709960,1097709960,1130641259,1130641259
1191,SEF,4,10,1,0,16176582,16176582,0,16176582,16176582,16176582,16176582,16176582,16176582
1191,SEF,3,10,7,0,69482751,69482751,0,71184277,71184277,72927473,72927473,74713357,74713357
1191,SEF,3,27,1,0,21000000,21000000,0,22016400,22016400,23081994,23081994,24199163,24199163
1191,SEF,3,10,1,1,5136846,5136846,0,5385469,5385469,5646126,5646126,5919398,5919398
1191,SEF,4,48,1,0,25839388,25839388,0,25839388,25839388,25839388,25839388,25839388,25839388
1191,SEF,3,10,1,0,217112487,217112487,0,227487068,227487068,238497442,238497442,250040718,250040718
1221,SEDE,3,32,1,0,4064253,4064253,0,4260963,4260963,4467194,4467194,4683406,4683406
1221,SEDE,3,95,1,0,1100000,1100000,0,0,0,0,0,0,0
1221,SEDE,3,32,1,1,8034412,8034412,0,8423278,8423278,8830965,8830965,9258384,9258384
1221,SEDE,1,10,1,0,19758836,19758836,0,20242713,20242713,20738440,20738440,21246307,21246307
1221,SEDE,3,10,7,0,3160015,3160015,0,3237435,3237435,3316752,3316752,3398012,3398012
1221,SEDE,3,10,1,1,1816860,1816860,0,1904796,1904796,1996988,1996988,2093642,2093642
1221,SEDE,3,10,1,0,27533207,27533207,0,28865814,28865814,30262919,30262919,31727644,31727644
1221,SEDE,1,10,1,1,1267224,1267224,0,1298257,1298257,1330050,1330050,1362622,1362622
1221,SEDE,3,10,7,1,340408,340408,0,348748,348748,357292,357292,366046,366046
1231,SEAPA,3,59,1,0,3500000,3500000,0,3669400,3669400,3846999,3846999,4033194,4033194
1231,SEAPA,1,10,1,1,1624367,1624367,0,1664148,1664148,1704903,1704903,1746656,1746656
1231,SEAPA,3,10,7,0,3789253,3789253,0,3882052,3882052,3977123,3977123,4074523,4074523
1231,SEAPA,3,10,7,1,277840,277840,0,284644,284644,291615,291615,298757,298757
1231,SEAPA,4,15,1,0,50000000,50000000,0,0,0,0,0,0,0
1231,SEAPA,4,10,1,0,97650,97650,0,97650,97650,97650,97650,97650,97650
1231,SEAPA,3,10,1,1,7020865,7020865,0,7360675,7360675,7716932,7716932,8090432,8090432
1231,SEAPA,3,10,1,0,20496375,20496375,0,21488400,21488400,22528439,22528439,23618815,23618815
1231,SEAPA,1,10,1,0,20365869,20365869,0,20864629,20864629,21375604,21375604,21899093,21899093
1251,PMMG,3,10,1,0,282668871,282668871,0,296350044,296350044,310693386,310693386,325730946,325730946
1251,PMMG,1,10,1,0,12985315266,12985315266,0,13403091308,13403091308,13836649793,13836649793,14286632607,14286632607
1251,PMMG,4,10,1,0,5801142,5801142,0,5801142,5801142,5801142,5801142,5801142,5801142
1251,PMMG,1,27,1,0,143928869,143928869,0,146052590,146052590,148207647,148207647,150394502,150394502
1251,PMMG,4,45,1,0,9410,9410,0,9410,9410,9410,9410,9410,9410
1251,PMMG,3,45,1,0,33027,33027,0,34626,34626,36302,36302,38059,38059
1251,PMMG,3,82,1,0,12000000,12000000,0,12580800,12580800,13189711,13189711,13828093,13828093
1251,PMMG,3,10,7,0,377245548,377245548,0,386483695,386483695,395948069,395948069,405644209,405644209
1251,PMMG,4,95,1,0,6667778,6667778,0,0,0,0,0,0,0
1251,PMMG,3,60,1,0,6528670,6528670,0,6844658,6844658,7175939,7175939,7523254,7523254
1261,SEE,3,21,3,0,64643,64643,0,67772,67772,71052,71052,74491,74491
1261,SEE,4,10,1,1,300000000,300000000,0,300000000,300000000,300000000,300000000,300000000,300000000
1261,SEE,3,10,1,1,525000000,525000000,0,550410000,550410000,577049844,577049844,604979056,604979056
1261,SEE,4,10,3,0,220000,220000,0,220000,220000,220000,220000,220000,220000
1261,SEE,3,23,7,0,261799817,261799817,0,268210882,268210882,274778945,274778945,281507847,281507847
1261,SEE,4,10,1,0,329058195,329058195,0,329058195,329058195,329058195,329058195,329058195,329058195
1261,SEE,3,10,1,0,1301178780,1301178780,0,1364155833,1364155833,1430180975,1430180975,1499401734,1499401734
1261,SEE,3,10,7,0,549838,549838,0,563304,563304,577099,577099,591232,591232
1261,SEE,1,10,1,0,1811142773,1811142773,0,1865839285,1865839285,1921814464,1921814464,1979468898,1979468898
1261,SEE,3,10,3,0,80000,80000,0,83872,83872,87931,87931,92187,92187
1261,SEE,1,23,1,0,11750416384,11750416384,0,12105278959,12105278959,12468437328,12468437328,12842490448,12842490448
1271,SECULT,3,95,1,0,3222500,3222500,0,0,500000,0,500000,0,500000
1271,SECULT,1,95,1,0,91477,91477,0,0,0,0,0,0,0
1271,SECULT,3,10,7,1,79942,79942,0,81901,81901,83908,83908,85964,85964
1271,SECULT,3,95,7,0,80101,80101,0,0,0,0,0,0,0
1271,SECULT,3,10,1,0,35149476,35149476,0,34753911,36753911,36436000,38436000,38199502,40199502
1271,SECULT,3,10,1,1,58159,58159,0,60974,60974,63925,63925,67019,67019
1271,SECULT,3,10,7,0,5892944,5892944,0,6037321,6037321,6185235,6185235,6336773,6336773
1271,SECULT,1,10,1,1,188403,188403,0,194055,194055,199877,199877,205873,205873
1271,SECULT,1,10,1,0,24591423,24591423,0,25329166,25329166,26089041,26089041,26871712,26871712
1301,SEINFRA,1,10,1,0,41457555,41457555,0,42709574,42709574,43990862,43990862,45310588,45310588
1301,SEINFRA,4,32,1,0,23979979,23979979,0,23979979,23979979,23979979,23979979,23979979,23979979
1301,SEINFRA,4,95,1,0,75000000,75000000,0,0,0,0,0,0,0
1301,SEINFRA,4,10,1,0,130483675,130483675,0,130483675,130483675,130483675,130483675,130483675,130483675
1301,SEINFRA,3,10,1,0,30453565,30453565,0,31927518,31927518,33472810,33472810,35092894,35092894
1301,SEINFRA,3,10,7,0,4457126,4457126,0,4566326,4566326,4678201,4678201,4792816,4792816
1301,SEINFRA,4,15,1,0,160000000,160000000,0,0,0,0,0,0,0
1371,SEMAD,3,95,7,0,103919,103919,0,0,0,0,0,0,0
1371,SEMAD,3,72,1,0,30289595,30289595,0,31755611,31755611,33292583,33292583,34903944,34903944
1371,SEMAD,3,94,1,0,4253660,4253660,0,4459537,4459537,4459537,4459537,4459537,4459537
1371,SEMAD,1,95,1,0,225602,225602,0,0,0,0,0,0,0
1371,SEMAD,4,95,1,0,5625517,5625517,0,0,0,0,0,0,0
1371,SEMAD,3,95,1,0,250000,250000,0,0,0,0,0,0,0
1371,SEMAD,1,72,1,0,121622654,121622654,0,125295659,125295659,129054529,129054529,132926165,132926165
1371,SEMAD,3,29,1,0,4405444,4405444,0,4618667,4618667,4618667,4618667,4618667,4618667
1371,SEMAD,3,31,7,0,36876184,36876184,0,37779651,37779651,38705252,38705252,39653531,39653531
1371,SEMAD,4,72,1,0,3046061,3046061,0,3046061,3046061,3046061,3046061,3046061,3046061
1401,CBMMG,3,10,7,0,50384991,50384991,0,51618841,51618841,52882908,52882908,54177929,54177929
1401,CBMMG,3,10,1,1,1000,1000,0,1048,1048,1099,1099,1152,1152
1401,CBMMG,3,27,1,0,15311093,15311093,0,16052150,16052150,16829074,16829074,17643601,17643601
1401,CBMMG,4,27,1,0,1995267,1995267,0,1995267,1995267,1995267,1995267,1995267,1995267
1401,CBMMG,4,95,1,0,9000000,9000000,0,0,0,0,0,0,0
1401,CBMMG,1,10,1,0,1480800371,1480800371,0,1521065705,1521065705,1562708293,1562708293,1605781756,1605781756
1401,CBMMG,3,10,1,0,37697087,37697087,0,39521626,39521626,41434473,41434473,43439901,43439901
1401,CBMMG,3,60,1,0,4468014,4468014,0,4684266,4684266,4910984,4910984,5148676,5148676
1441,DEF PUB,1,10,9,0,1000,0,0,1000,0,1000,0,1000,0
1451,SEJUSP,3,10,1,0,1097384743,1097385743,0,1150498165,1150498165,1206182276,1206182276,1264561498,1264561498
1451,SEJUSP,4,95,1,0,26150000,26150000,0,0,0,0,0,0,0
1451,SEJUSP,4,10,1,0,23084055,23085055,0,23084055,23084055,23084055,23084055,23084055,23084055
1451,SEJUSP,1,10,1,1,181437140,181437140,0,186916542,186916542,192524039,192524039,198299761,198299761
1451,SEJUSP,3,10,7,0,5491406,5491406,0,5625884,5625884,5763654,5763654,5904798,5904798
1451,SEJUSP,3,27,7,1,15026233,15026233,0,15394376,15394376,15771539,15771539,16157942,16157942
1451,SEJUSP,3,27,7,0,177687024,177687024,0,182038123,182038123,186495770,186495770,191062573,191062573
1451,SEJUSP,4,10,1,1,15467108,15467108,0,15467108,15467108,15467108,15467108,15467108,15467108
1451,SEJUSP,3,60,1,0,3760773,3760773,0,3942794,3942794,4133625,4133625,4333692,4333692
1451,SEJUSP,3,10,1,1,44793266,44793266,0,46961260,46961260,49234185,49234185,51617120,51617120
1451,SEJUSP,1,10,1,0,853807360,853807360,0,879592343,879592343,905980114,905980114,933159518,933159518
1451,SEJUSP,3,61,1,0,59960,59960,0,62862,62862,65905,65905,69095,69095
1451,SEJUSP,1,27,1,0,1450290758,1450290758,0,1494089539,1494089539,1538912226,1538912226,1585079593,1585079593
1481,SEDESE,1,10,1,1,2361713,2361713,0,2419575,2419575,2478855,2478855,2539587,2539587
1481,SEDESE,3,10,1,0,19962499,19962498,0,21062815,21062815,22082255,22082255,23151036,23151036
1481,SEDESE,1,95,1,0,163683,163683,0,0,0,0,0,0,0
1481,SEDESE,3,10,7,0,13513225,13513219,0,14175884,14175884,14523039,14523039,14878696,14878696
1481,SEDESE,3,10,7,1,323799,323799,0,331732,331732,339859,339859,348186,348186
1481,SEDESE,4,10,1,1,127564000,127564000,0,2584000,2584000,2584000,2584000,2584000,2584000
1481,SEDESE,4,10,1,0,3308218,3308218,0,3308218,3308218,3308218,3308218,3308218,3308218
1481,SEDESE,1,10,1,0,63485437,63485432,0,67459663,67459663,69111665,69111665,70804120,70804120
1481,SEDESE,3,10,1,1,6513411,6513411,0,6694529,6694529,7018544,7018544,7358242,7358242
1481,SEDESE,3,95,7,0,77616,77616,0,0,0,0,0,0,0
1491,SEGOV,3,10,1,0,44033288,44033288,0,46164499,46164499,48398861,48398861,50741366,50741366
1491,SEGOV,1,10,1,0,40105274,40105274,0,41087396,41087396,42093568,42093568,43124378,43124378
1491,SEGOV,4,10,1,0,8736400,8736400,0,8736400,8736400,8736400,8736400,8736400,8736400
1491,SEGOV,3,10,7,0,5708480,5708480,0,5848275,5848275,5991494,5991494,6138220,6138220
1491,SEGOV,4,15,1,0,140000000,140000000,0,0,0,0,0,0,0
1501,SEPLAG,1,10,1,1,1109448,1109448,0,1142954,1142954,1177243,1177243,1212561,1212561
1501,SEPLAG,3,10,7,0,21339993,21339993,0,21862136,21862136,22397066,22397066,22945083,22945083
1501,SEPLAG,3,94,1,0,5968398,5968398,0,6257268,6257268,6560120,6560120,6877630,6877630
1501,SEPLAG,3,95,1,0,3138203,3138203,0,0,0,0,0,0,0
1501,SEPLAG,3,82,1,0,89395708,89395708,0,89395708,89395708,89395708,89395708,89395708,89395708
1501,SEPLAG,3,10,1,0,240561914,240561914,0,252151105,252151105,264355218,264355218,277150011,277150011
1501,SEPLAG,4,95,1,0,4500000,4500000,0,0,0,0,0,0,0
1501,SEPLAG,3,10,7,1,78794,78794,0,81174,81174,83610,83610,86119,86119
1501,SEPLAG,4,15,1,0,8407000,8407000,0,8407000,8407000,8407000,8407000,8407000,8407000
1501,SEPLAG,1,10,1,0,226339567,226339567,0,231014437,231014437,235791108,235791108,240671664,240671664
1501,SEPLAG,4,25,1,0,126269143,126269143,0,0,0,0,0,0,0
1501,SEPLAG,3,95,7,0,5627,5627,0,0,0,0,0,0,0
1501,SEPLAG,1,95,1,0,877453,877453,0,0,0,0,0,0,0
1501,SEPLAG,3,15,1,0,230363386,230363386,0,241512974,241512974,253202202,253202202,265457189,265457189
1501,SEPLAG,4,10,1,0,44715513,44715513,0,44767025,44767025,44767025,44767025,44767025,44767025
1501,SEPLAG,3,10,1,1,8074798,8074798,0,8465618,8465618,8875354,8875354,9304921,9304921
1511,PCMG,4,95,1,0,13643425,13643425,0,0,0,0,0,0,0
1511,PCMG,1,10,1,0,2609538002,2609538002,0,2648042636,2648042636,2687115420,2687115420,2726764734,2726764734
1511,PCMG,3,10,1,0,150416564,150416564,0,157696726,157696726,165329248,165329248,173331184,173331184
1511,PCMG,4,10,1,0,30581453,30581453,0,30581453,30581453,30581453,30581453,30581453,30581453
1511,PCMG,3,10,1,1,2000,2000,0,2097,2097,2198,2198,2304,2304
1511,PCMG,3,10,7,0,114082048,114082048,0,116875738,116875738,119737843,119737843,122670035,122670035
1511,PCMG,3,95,1,0,21996299,21996299,0,0,0,0,0,0,0
1521,CGE,3,95,1,0,41105,41105,0,0,0,0,0,0,0
1521,CGE,3,10,1,0,2738578,2738578,0,2871125,2871125,3010087,3010087,3155775,3155775
1521,CGE,4,95,1,0,1112605,1112605,0,0,0,0,0,0,0
1521,CGE,3,10,7,0,3706285,3706285,0,3797053,3797053,3890042,3890042,3985307,3985307
1521,CGE,4,10,1,0,603200,603200,0,603200,603200,603200,603200,603200,603200
1521,CGE,1,10,1,0,55480361,55480361,0,56838996,56838996,58230904,58230904,59656898,59656898
1541,ESP MG,1,10,1,0,14890304,14890304,0,15318304,15318304,15758606,15758606,16211564,16211564
1541,ESP MG,4,10,1,0,738840,738840,0,738840,738840,738840,738840,738840,738840
1541,ESP MG,3,10,7,0,1451240,1451240,0,1486780,1486780,1523191,1523191,1560493,1560493
1541,ESP MG,3,10,1,0,5462579,5462579,0,5726968,5726968,6004153,6004153,6294754,6294754
1631,SEC. GERAL,3,10,1,0,8192366,8192366,0,8588877,8588877,9004579,9004579,9440401,9440401
1631,SEC. GERAL,1,10,1,0,7926897,7926897,0,8121015,8121015,8319887,8319887,8523629,8523629
1631,SEC. GERAL,3,10,7,0,921911,921911,0,944487,944487,967616,967616,991312,991312
1711,SECOM,3,10,7,0,1904016,1904016,0,1950643,1950643,1998414,1998414,2047353,2047353
1711,SECOM,1,10,1,0,13736095,13736095,0,14072472,14072472,14417087,14417087,14770141,14770141
1711,SECOM,4,10,1,0,689818,689818,0,689818,689818,689818,689818,689818,689818
1711,SECOM,3,10,1,0,130736216,130736216,0,137063849,137063849,143697739,143697739,150652710,150652710
1721,SCC,4,10,1,0,271596,271596,0,271596,271596,271596,271596,271596,271596
1721,SCC,1,10,1,0,9459035,9459035,0,9690674,9690674,9927986,9927986,10171110,10171110
1721,SCC,3,10,1,0,3618265,3618265,0,3793389,3793389,3976989,3976989,4169475,4169475
1721,SCC,3,10,7,0,515362,515362,0,527983,527983,540914,540914,554161,554161
1911,EGE - SEF,3,10,1,0,822749929,822749929,0,847596977,0,873024886,0,899215633,0
1915,PARTICIPAÇÃO EMPRESAS,5,10,1,0,9000,9000,0,9000,9000,9000,9000,9000,9000
1916,GDPE - SEF,2,10,1,0,3384357606,2830815907,0,3486565206,5087874037,3591162163,6664460374,3698897028,8218992785
1916,GDPE - SEF,6,10,1,0,2077947183,2631488883,0,2140701188,2985515677,2204922224,3406222644,2271069891,3876384812
1916,GDPE - SEF,6,15,1,0,553541699,0,0,570258659,0,587366419,0,604987412,0
1941,EGE-SEPLAG,1,10,1,0,209950783,209950783,0,220819707,220819707,232251303,232251303,244274701,244274701
1941,EGE-SEPLAG,3,10,1,0,2340000,2340000,0,2453256,2453256,2571994,2571994,2696479,2696479
1951,EGE - CASA CIVIL,3,97,1,0,100000000,100000000,0,100000000,100000000,100000000,100000000,100000000,100000000
1951,EGE - CASA CIVIL,3,10,3,0,18134743,18134743,0,19012465,19012465,19932668,19932668,20897409,20897409
1951,EGE - CASA CIVIL,4,10,3,0,14540008,14540008,0,14540008,14540008,14540008,14540008,14540008,14540008
2011,IPSEMG,1,49,1,0,267781494,267781494,0,275478431,275478431,283396602,283396602,291542365,291542365
2011,IPSEMG,4,10,1,0,8757504,8757504,0,8757504,8757504,8757504,8757504,8757504,8757504
2011,IPSEMG,1,10,9,0,132054526,132054526,0,0,1000,0,1000,0,1000
2011,IPSEMG,3,10,9,0,1235155,1235155,0,0,1000,0,1000,0,1000
2011,IPSEMG,3,49,7,0,38975700,38975700,0,39930156,39930156,40907985,40907985,41909758,41909758
2011,IPSEMG,3,10,1,0,10059246,10059246,0,10546114,10546114,11056546,11056546,11591683,11591683
2041,LEMG,4,60,1,0,12040,12040,0,12040,12040,12040,12040,12040,12040
2041,LEMG,3,60,7,0,404413,404413,0,414317,414317,424464,424464,434859,434859
2041,LEMG,3,60,1,0,3532260,3532260,283360,3703221,3703221,3882457,3882457,4070368,4070368
2041,LEMG,3,60,9,0,245710,245710,0,1000,1000,1000,1000,1000,1000
2041,LEMG,1,60,1,0,1964103,1964103,1851070,2012202,2012202,2061480,2061480,2111965,2111965
2061,FJP,3,60,1,0,5000000,5000000,0,5242000,5242000,5495713,5495713,5761706,5761706
2061,FJP,3,10,1,0,12072026,12072026,0,12656312,12656312,13268878,13268878,13911092,13911092
2061,FJP,3,10,7,0,4824270,4824270,0,4942414,4942414,5063452,5063452,5187454,5187454
2061,FJP,1,10,1,0,59179809,59179809,0,60629042,60629042,62113765,62113765,63634848,63634848
2061,FJP,1,10,9,0,701975,701975,0,1000,1000,1000,1000,1000,1000
2061,FJP,4,10,1,0,49400,49400,0,49400,49400,49400,49400,49400,49400
2071,FAPEMIG,3,10,7,0,1612255,1612255,0,1651739,1651739,1692191,1692191,1733633,1733633
2071,FAPEMIG,4,10,1,0,122177024,122177024,0,122177024,122177024,122177024,122177024,122177024,122177024
2071,FAPEMIG,3,10,3,0,6350013,6350013,0,0,0,0,0,0,0
2071,FAPEMIG,5,10,1,0,1200000,1200000,0,1200000,1200000,1200000,1200000,1200000,1200000
2071,FAPEMIG,3,10,1,0,382952828,382952828,0,401487745,401487745,420919752,420919752,441292268,441292268
2071,FAPEMIG,1,10,1,0,10336886,10336886,0,10590026,10590026,10849365,10849365,11115057,11115057
2071,FAPEMIG,3,10,1,1,119191339,0,0,124960200,0,131008274,0,137349074,0
2071,FAPEMIG,1,60,9,0,37346,37346,0,1000,1000,1000,1000,1000,1000
2071,FAPEMIG,4,10,1,1,65137771,0,0,65137771,0,65137771,0,65137771,0
2091,FEAM,4,72,1,0,5489611,5489611,0,5489611,5489611,5489611,5489611,5489611,5489611
2091,FEAM,1,60,9,0,528883,528883,0,1000,1000,1000,1000,1000,1000
2091,FEAM,3,72,1,0,24535731,24535731,0,25723260,25723260,25723260,25723260,25723260,25723260
2091,FEAM,3,72,7,0,5631293,5631293,0,5769259,5769259,5910606,5910606,6055416,6055416
2091,FEAM,1,60,1,0,12366117,12366117,0,12739574,12739574,13121761,13121761,13515414,13515414
2091,FEAM,1,72,1,0,16412866,16412866,0,16908535,16908535,17415791,17415791,17938264,17938264
2091,FEAM,3,95,7,0,132000,132000,0,0,67882,0,69545,0,71249
2091,FEAM,1,95,1,0,436258,436258,0,0,460032,0,471298,0,482840
2091,FEAM,3,52,1,0,14555888,389782,14166106,408647,408647,428426,428426,449162,449162
2091,FEAM,3,95,1,0,300000,300000,0,0,0,0,0,0,0
2101,IEF,3,60,9,0,748881,748881,0,0,0,0,0,0,0
2101,IEF,1,26,1,0,110222000,110222000,0,113550705,113550705,116957227,116957227,120465944,120465944
2101,IEF,3,95,1,0,32030262,32030262,0,1972880,1972880,0,0,0,0
2101,IEF,4,91,1,0,52599,52599,0,52599,52599,52599,52599,52599,52599
2101,IEF,3,61,1,0,23049038,23049038,0,24164611,24164611,25334178,25334178,26560352,26560352
2101,IEF,3,60,1,0,4237502,1752700,2484802,1837531,1837531,1926468,1926468,2019709,2019709
2101,IEF,3,72,1,0,70435902,70435902,0,73845000,73845000,77419098,77419098,81166182,81166182
2101,IEF,3,95,1,1,170000,170000,0,0,0,0,0,0,0
2101,IEF,4,72,1,0,727090,727090,0,727090,727090,727090,727090,727090,727090
2101,IEF,1,72,1,0,11036132,11036132,0,11369424,11369424,11710507,11710507,12061823,12061823
2101,IEF,1,60,9,0,6032399,6032399,0,1000,1000,1000,1000,1000,1000
2101,IEF,5,95,1,0,2114756,2114756,0,0,0,0,0,0,0
2101,IEF,3,91,1,0,1718108,1718108,0,1801264,1801264,1888445,1888445,1979846,1979846
2101,IEF,4,72,3,0,9550,9550,0,9550,9550,9550,9550,9550,9550
2101,IEF,4,60,1,0,4156993,4156993,0,4156993,4156993,4156993,4156993,4156993,4156993
2101,IEF,3,95,7,0,292504,292504,0,0,0,0,0,0,0
2101,IEF,3,72,7,0,27908322,27908322,0,28592076,28592076,29292582,29292582,30010250,30010250
2101,IEF,1,95,1,0,571511,571511,0,0,0,0,0,0,0
2101,IEF,3,52,1,0,2978156,2978156,0,3122299,3122299,3273418,3273418,3431851,3431851
2101,IEF,4,95,1,0,8228563,8228563,0,0,0,0,0,0,0
2101,IEF,4,61,1,0,2252367,2252367,0,2252367,2252367,2252367,2252367,2252367,2252367
2101,IEF,3,72,3,0,10385,10385,0,10888,10888,11415,11415,11967,11967
2121,IPSM,3,60,1,0,170485872,170048643,437229,179852006,179852006,188556843,188556843,197682994,197682994
2121,IPSM,3,50,1,0,5392800,5392800,0,5653812,5653812,5927457,5927457,6214346,6214346
2121,IPSM,1,78,1,0,1561549133,1561549133,0,1608707917,1608707917,1656969155,1656969155,1706678230,1706678230
2121,IPSM,1,10,1,0,507016267,507016267,0,522328159,522328159,537998004,537998004,554137945,554137945
2121,IPSM,1,60,9,0,16602878,16602878,0,1000,1000,1000,1000,1000,1000
2121,IPSM,4,60,1,0,331958,312307,19651,312307,312307,312307,312307,312307,312307
2121,IPSM,3,10,7,0,3660945,3660945,0,3750599,3750599,3842448,3842448,3936547,3936547
2121,IPSM,3,60,9,0,101935,101935,0,1000,1000,1000,1000,1000,1000
2121,IPSM,3,49,1,0,10898800,10898800,0,11426302,11426302,11979335,11979335,12559135,12559135
2121,IPSM,3,10,1,0,756844220,756844220,0,791902471,791902471,830230551,830230551,870413710,870413710
2151,FHA,3,10,7,0,7454434,7454434,0,7636987,7636987,7824009,7824009,8015611,8015611
2151,FHA,1,60,9,0,1000,1000,0,1000,1000,1000,1000,1000,1000
2151,FHA,1,10,1,0,34412239,34412239,0,35266401,35266401,36141762,36141762,37038849,37038849
2151,FHA,3,10,1,0,19302012,19302012,0,20236229,20236229,21215662,21215662,22242500,22242500
2151,FHA,4,10,1,0,2607420,2607420,0,2607420,2607420,2607420,2607420,2607420,2607420
2161,FUCAM,3,10,3,0,34079,34079,0,35728,35728,37457,37457,39270,39270
2161,FUCAM,3,10,1,0,8237288,8237288,0,8635973,8635973,9053954,9053954,9492165,9492165
2161,FUCAM,1,10,1,0,9751911,9751911,0,9990722,9990722,10235382,10235382,10486033,10486033
2161,FUCAM,1,10,9,0,390920,390920,0,1000,1000,1000,1000,1000,1000
2161,FUCAM,3,10,7,0,2059040,2059040,0,2109464,2109464,2161122,2161122,2214046,2214046
2171,FAOP,3,10,7,0,704476,704476,0,721730,721730,739406,739406,757515,757515
2171,FAOP,4,45,1,0,100000,100000,0,100000,100000,100000,100000,100000,100000
2171,FAOP,3,10,1,0,1794544,1794544,0,1881400,1881400,1972460,1972460,2067927,2067927
2171,FAOP,3,45,1,0,115000,115000,0,120566,120566,126401,126401,132519,132519
2171,FAOP,1,10,1,0,2252600,2252600,0,2307766,2307766,2364283,2364283,2422183,2422183
2171,FAOP,3,60,1,0,100000,100000,0,104840,104840,109914,109914,115234,115234
2171,FAOP,1,10,9,0,1000,1000,0,1000,1000,1000,1000,1000,1000
2181,FCS,1,10,9,0,796181,796181,0,1000,1000,1000,1000,1000,1000
2181,FCS,3,10,9,0,58372,58372,0,1000,1000,1000,1000,1000,1000
2181,FCS,3,10,7,0,5250762,5250762,0,5379346,5379346,5511080,5511080,5646039,5646039
2181,FCS,4,47,1,0,10000,10000,0,10000,10000,10000,10000,10000,10000
2181,FCS,1,10,1,0,21336696,21336696,0,21859201,21859201,22394501,22394501,22942910,22942910
2181,FCS,3,60,1,0,3150000,3150000,0,3302460,3302460,3462299,3462299,3629874,3629874
2181,FCS,3,10,1,0,22870233,22870233,0,23977152,23977152,25137646,25137646,26354308,26354308
2201,IEPHA,3,10,7,0,1787814,1787814,0,1831597,1831597,1876455,1876455,1922410,1922410
2201,IEPHA,3,95,7,0,13352,13352,0,0,13679,0,14014,0,14358
2201,IEPHA,3,60,1,0,20393,20393,0,21380,21380,22415,22415,23500,23500
2201,IEPHA,1,95,1,0,58879,58879,0,0,62089,0,63610,0,65169
2201,IEPHA,1,10,1,0,10177409,10177409,0,10426648,10426648,10681989,10681989,10943582,10943582
2201,IEPHA,3,95,1,0,150000,150000,0,0,0,0,0,0,0
2201,IEPHA,3,45,1,0,1260860,1260860,0,1321886,1321886,1385865,1385865,1452941,1452941
2201,IEPHA,1,10,9,0,2525130,2525130,0,1000,1000,1000,1000,1000,1000
2201,IEPHA,3,10,1,0,7552885,7552885,0,7918445,7918445,8301698,8301698,8703500,8703500
2211,TV MINAS,1,10,1,0,6532922,6532922,0,6692906,6692906,6856808,6856808,7024724,7024724
2211,TV MINAS,1,10,9,0,860933,860933,0,1000,1000,1000,1000,1000,1000
2211,TV MINAS,3,10,7,0,3569771,3569771,0,3657190,3657190,3746750,3746750,3838504,3838504
2211,TV MINAS,3,60,1,0,2400000,2400000,0,2516160,2516160,2637942,2637942,2765618,2765618
2211,TV MINAS,3,10,1,0,4448282,4448282,0,4663579,4663579,4889296,4889296,5125938,5125938
2241,IGAM,4,72,1,0,70000,70000,0,70000,70000,70000,70000,70000,70000
2241,IGAM,3,61,1,0,115125000,115125000,0,120697050,120697050,126538787,126538787,132663265,132663265
2241,IGAM,1,95,1,0,531998,531998,0,0,556550,0,570181,0,584146
2241,IGAM,3,91,1,0,1598748,0,1598748,0,0,0,0,0,0
2241,IGAM,1,60,1,0,3611000,3611000,0,3720053,3720053,3831655,3831655,3946605,3946605
2241,IGAM,1,72,1,0,23211530,23211530,0,23912519,23912519,24629895,24629895,25368792,25368792
2241,IGAM,3,72,7,0,5635575,5635575,0,5773647,5773647,5915101,5915101,6060021,6060021
2241,IGAM,3,95,7,0,244534,244534,0,0,118233,0,121130,0,124097
2241,IGAM,1,91,9,0,1065772,1065772,0,1000,1000,1000,1000,1000,1000
2241,IGAM,3,72,1,0,18529800,18529800,0,19426642,19426642,20366892,20366892,21352649,21352649
2251,JUCEMG,3,60,1,0,7949827,7949827,0,8334599,8334599,8737994,8737994,9160913,9160913
2251,JUCEMG,4,60,1,0,3978576,3978576,0,3978576,3978576,3978576,3978576,3978576,3978576
2251,JUCEMG,1,60,1,0,16453358,16453358,3497298,16856277,16856277,17269063,17269063,17691957,17691957
2251,JUCEMG,3,60,7,0,5030296,5030296,0,5153481,5153481,5279683,5279683,5408976,5408976
2251,JUCEMG,1,60,9,0,870632,870632,0,1000,1000,1000,1000,1000,1000
2251,JUCEMG,3,60,9,0,34364,34364,0,1000,1000,1000,1000,1000,1000
2261,FUNED,1,10,1,0,92706272,92706272,0,95370966,95370966,98112250,98112250,100932329,100932329
2261,FUNED,3,60,9,0,92590,92590,0,1000,1000,1000,1000,1000,1000
2261,FUNED,3,10,7,0,16226814,16226814,0,16624186,16624186,17031289,17031289,17448361,17448361
2261,FUNED,3,10,1,0,341153848,341153848,0,357665694,357665694,374976714,374976714,393125587,393125587
2261,FUNED,4,10,1,0,58846152,58846152,0,58846152,58846152,58846152,58846152,58846152,58846152
2261,FUNED,1,60,9,0,3775313,3775313,0,1000,1000,1000,1000,1000,1000
2271,FHEMIG,1,60,9,0,23389515,23389515,0,1000,1000,1000,1000,1000,1000
2271,FHEMIG,3,60,9,0,420396,420396,0,1000,1000,1000,1000,1000,1000
2271,FHEMIG,4,95,1,0,15429745,15429745,0,0,0,0,0,0,0
2271,FHEMIG,1,10,1,0,1250545327,1250545327,0,1286490158,1286490158,1323468166,1323468166,1361509040,1361509040
2271,FHEMIG,3,10,7,0,196525003,196525003,0,201337590,201337590,206268032,206268032,211319210,211319210
2271,FHEMIG,3,10,1,0,591591930,591591930,0,620224979,620224979,650243868,650243868,681715671,681715671
2271,FHEMIG,4,10,1,0,25034000,25034000,0,25034000,25034000,25034000,25034000,25034000,25034000
2281,UTRAMIG,4,10,1,0,219157,219157,0,219157,219157,219157,219157,219157,219157
2281,UTRAMIG,1,10,1,0,2171554,2171554,0,2224733,2224733,2279216,2279216,2335032,2335032
2281,UTRAMIG,3,10,7,0,583417,583417,0,597705,597705,612343,612343,627339,627339
2281,UTRAMIG,3,10,1,0,4460334,4460334,0,4676214,4676214,4902543,4902543,5139826,5139826
2281,UTRAMIG,1,10,9,0,42998,42998,0,1000,1000,1000,1000,1000,1000
2301,DER-MG,4,95,1,0,30000000,30000000,0,0,0,0,0,0,0
2301,DER-MG,3,10,1,0,55613783,55613783,0,58305490,58305490,61127476,61127476,64086046,64086046
2301,DER-MG,4,10,9,0,6639987,6639987,0,0,0,0,0,0,0
2301,DER-MG,3,91,1,0,3996732,3996732,0,4190174,4190174,4392978,4392978,4605598,4605598
2301,DER-MG,1,10,9,0,29406760,29406760,0,1000,1000,1000,1000,1000,1000
2301,DER-MG,4,15,1,0,307389849,379684255,0,307389849,379684255,307389849,379684255,307389849,379684255
2301,DER-MG,4,51,1,0,32186277,16286175,0,32186277,16286175,32186277,16286175,32186277,16286175
2301,DER-MG,3,10,9,0,14911384,14911384,0,0,0,0,0,0,0
2301,DER-MG,4,33,1,0,47849865,47849865,0,47849865,47849865,47849865,47849865,47849865,47849865
2301,DER-MG,4,47,1,0,2400000,2400000,0,2400000,2400000,2400000,2400000,2400000,2400000
2301,DER-MG,4,32,1,0,388591107,332196803,0,388591107,332196803,388591107,332196803,388591107,332196803
2301,DER-MG,3,10,7,0,26213915,26213915,0,26856156,26856156,27514132,27514132,28188228,28188228
2301,DER-MG,4,25,1,0,18031636,18031636,0,0,0,0,0,0,0
2301,DER-MG,1,10,1,0,136201996,136201996,0,140315297,140315297,144524756,144524756,148860499,148860499
2301,DER-MG,3,60,1,0,2066839,2066839,0,2166874,2166874,2271751,2271751,2381704,2381704
2311,UNIMONTES,1,60,9,0,1654720,1654720,0,1000,1000,1000,1000,1000,1000
2311,UNIMONTES,1,60,1,0,1278924,1278924,0,1310669,1310669,1343202,1343202,1376542,1376542
2311,UNIMONTES,4,10,3,0,177822,177822,0,177822,177822,177822,177822,177822,177822
2311,UNIMONTES,3,10,7,0,42571437,42571437,0,43613945,43613945,44681982,44681982,45776174,45776174
2311,UNIMONTES,1,10,1,0,288304134,288304134,0,295460163,295460163,302793811,302793811,310309487,310309487
2311,UNIMONTES,3,60,9,0,382219,382219,0,1000,1000,1000,1000,1000,1000
2311,UNIMONTES,3,10,1,0,93844100,93844100,0,98386154,98386154,103148044,103148044,108140409,108140409
2321,HEMOMINAS,3,10,1,0,174975544,174975544,0,183444360,183444360,192323067,192323067,201631503,201631503
2321,HEMOMINAS,4,10,1,0,12097000,12097000,0,12097000,12097000,12097000,12097000,12097000,12097000
2321,HEMOMINAS,1,10,1,0,154767303,154767303,0,159215832,159215832,163792226,163792226,168500161,168500161
2321,HEMOMINAS,1,60,9,0,2412419,2412419,0,1000,1000,1000,1000,1000,1000
2321,HEMOMINAS,3,10,7,0,28453960,28453960,0,29150753,29150753,29864610,29864610,30595948,30595948
2321,HEMOMINAS,4,10,3,0,5294651,5294651,0,5294651,5294651,5294651,5294651,5294651,5294651
2331,IPEMMG,1,10,1,0,137641,137641,0,141013,141013,144467,144467,148006,148006
2331,IPEMMG,1,73,1,0,13351292,13351292,0,13678247,13678247,14013209,14013209,14356372,14356372
2331,IPEMMG,3,73,7,0,2760036,2760036,0,2827626,2827626,2896872,2896872,2967813,2967813
2331,IPEMMG,1,73,9,0,423723,423723,0,1000,1000,1000,1000,1000,1000
2351,UEMG,3,10,1,0,114182685,114182685,0,119709127,119709127,125503049,125503049,131577397,131577397
2351,UEMG,1,10,1,0,228343854,228343854,0,234011599,234011599,239820024,239820024,245772621,245772621
2351,UEMG,3,10,3,0,187783,187783,0,196872,196872,206401,206401,216391,216391
2351,UEMG,4,10,3,0,52108,52108,0,52108,52108,52108,52108,52108,52108
2351,UEMG,1,10,9,0,4687173,4687173,0,1000,1000,1000,1000,1000,1000
2351,UEMG,3,10,7,0,40657686,40657686,0,41653328,41653328,42673352,42673352,43718355,43718355
2351,UEMG,4,10,1,0,4500000,4500000,0,4500000,4500000,4500000,4500000,4500000,4500000
2371,IMA,1,60,9,0,4111179,4111179,0,1000,1000,1000,1000,1000,1000
2371,IMA,4,95,1,1,1200000,1200000,0,0,0,0,0,0,0
2371,IMA,1,60,1,0,5673151,5673151,0,5812078,5812078,5954407,5954407,6100221,6100221
2371,IMA,3,60,9,0,86562,86562,0,1000,1000,1000,1000,1000,1000
2371,IMA,3,91,1,0,10132457,10132457,0,10622867,10622868,11137014,11137015,11676046,11676046
2371,IMA,3,95,7,0,50000,50000,0,0,0,0,0,0,0
2371,IMA,1,91,1,0,19687897,19687897,0,20170023,20170023,20663956,20663956,21169984,21169984
2371,IMA,1,10,1,0,220512053,220512053,0,225912050,225912050,231444283,231444283,237111995,237111995
2371,IMA,4,91,1,0,3057450,3057450,0,3057450,3057450,3057450,3057450,3057450,3057450
2371,IMA,1,95,1,0,80000,80000,0,0,0,0,0,0,0
2371,IMA,3,95,1,0,1300000,1300000,0,0,0,0,0,0,0
2371,IMA,3,10,7,0,34050371,34050371,0,34884214,34884214,35738480,35738480,36613661,36613661
2371,IMA,3,60,1,0,8321418,8321418,0,8724174,8724175,9146424,9146425,9589111,9589112
2421,IDENE,3,10,7,0,2414280,2414280,0,2473404,2473404,2533976,2533976,2596032,2596032
2421,IDENE,1,10,1,0,8705403,8705403,0,8918589,8918589,9136997,9136997,9360752,9360752
2421,IDENE,3,10,1,0,4954265,4954265,0,5194051,5194051,5445443,5445443,5709002,5709002
2421,IDENE,1,10,9,0,1000,1000,0,1000,1000,1000,1000,1000,1000
2431,AGÊNCIA RMBH,1,10,1,0,3777433,3777433,0,3869940,3869940,3964712,3964712,4061803,4061803
2431,AGÊNCIA RMBH,1,10,9,0,1000,1000,0,1000,1000,1000,1000,1000,1000
2431,AGÊNCIA RMBH,3,95,1,0,1400000,1400000,0,0,0,0,0,0,0
2431,AGÊNCIA RMBH,3,60,1,0,1011000,1011000,0,1059932,1059932,1111233,1111233,1165017,1165017
2431,AGÊNCIA RMBH,3,10,1,0,99931,99931,0,104768,104768,109839,109839,115155,115155
2431,AGÊNCIA RMBH,3,10,7,0,620764,620764,0,635967,635967,651542,651542,667499,667499
2441,ARSAE -MG,3,59,7,0,1466940,1466940,0,1502865,1502865,1539670,1539670,1577376,1577376
2441,ARSAE -MG,1,59,1,0,14303233,14303233,0,14653499,14653499,15012344,15012344,15379977,15379977
2441,ARSAE -MG,1,59,9,0,1000,1000,0,1000,1000,1000,1000,1000,1000
2441,ARSAE -MG,4,95,1,0,42324,42324,0,0,0,0,0,0,0
2441,ARSAE -MG,3,59,1,0,4503604,3144901,1358703,3297114,3297114,3456694,3456694,3623998,3623998
2461,ARMVA,3,60,1,0,60000,60000,0,62904,62904,65949,65949,69141,69141
2461,ARMVA,1,10,1,0,1484089,1484089,0,1519065,1519065,1554857,1554857,1591482,1591482
2461,ARMVA,3,10,7,0,266118,266118,0,272346,272346,278718,278718,285236,285236
2461,ARMVA,3,32,1,1,2074377,2074377,0,2174777,2174777,2280036,2280036,2390390,2390390
2461,ARMVA,3,10,1,0,550990,550990,0,577658,577658,605617,605617,634929,634929
2461,ARMVA,4,10,1,0,20790,20790,0,20790,20790,20790,20790,20790,20790
2461,ARMVA,1,10,1,1,248600,248600,0,256058,256058,263058,263058,271653,271653
2461,ARMVA,3,10,7,1,52716,52716,0,54298,54298,55927,55927,57605,57605
2461,ARMVA,1,10,9,0,1000,1000,0,1000,1000,1000,1000,1000,1000
3041,EMATER,3,60,1,0,14473707,14473707,0,15174234,15174234,15908667,15908667,16678646,16678646
3041,EMATER,4,60,3,0,13500,13500,0,13500,13500,13500,13500,13500,13500
3041,EMATER,1,60,1,0,15260861,15260861,0,15721740,15721740,16193393,16193393,16679195,16679195
3041,EMATER,1,60,9,0,641673,641673,0,1000,1000,1000,1000,1000,1000
3041,EMATER,1,10,1,0,205234989,205234989,0,211433086,211433086,217776079,217776079,224309362,224309362
3041,EMATER,4,60,1,0,18922280,18922280,0,18922280,18922280,18922280,18922280,18922280,18922280
3041,EMATER,1,67,1,0,41718286,41718286,0,42978179,42978179,44267525,44267525,45595551,45595551
3041,EMATER,3,60,3,0,37979,37979,0,39817,39817,41744,41744,43764,43764
3051,EPAMIG,1,10,1,0,106406239,106406239,0,109011961,109011961,111681495,111681495,114416400,114416400
3051,EPAMIG,4,10,1,0,13000000,13000000,0,13000000,13000000,13000000,13000000,13000000,13000000
3051,EPAMIG,3,60,1,0,16650295,16650295,0,17456169,17456169,18301048,18301048,19186819,19186819
3051,EPAMIG,1,10,9,0,1000,1000,0,1000,1000,1000,1000,1000,1000
3051,EPAMIG,4,60,1,0,500000,500000,0,500000,500000,500000,500000,500000,500000
3051,EPAMIG,3,10,1,0,11900000,11900000,0,12475960,12475960,13079796,13079796,13712858,13712858
3151,EMC,3,60,1,0,1100000,1100000,0,1153240,1153240,1209057,1209057,1267575,1267575
3151,EMC,1,10,1,0,14158804,14158804,0,14505532,14505532,14860752,14860752,15224670,15224670
3151,EMC,1,10,9,0,1000,1000,0,1000,1000,1000,1000,1000,1000
3151,EMC,3,10,1,0,18271081,18122779,0,19155401,19155401,20082522,20082522,21054516,21054516
4101,FEH,5,60,1,0,16823595,16823595,0,16823595,16823595,16823595,16823595,16823595,16823595
4101,FEH,3,60,1,0,1391000,1391000,0,1391000,1391000,1391000,1391000,1391000,1391000
4111,FUNDESE,5,60,1,0,3000,3000,0,3000,3000,3000,3000,3000,3000
4151,FASTUR,3,10,1,0,1000,1000,0,1000,1000,1000,1000,1000,1000
4171,FUNDERUR,3,60,1,1,2000,2000,0,2000,2000,2000,2000,2000,2000
4251,FEAS,3,10,1,0,100797104,100797103,0,105675684,105391347,110790387,110790387,116152642,116152642
4251,FEAS,4,10,1,0,1923840,1923840,0,1923840,1923840,1923840,1923840,1923840,1923840
4291,FES,3,10,7,0,48875153,48875153,0,50072035,50072035,51298229,51298229,52554448,52554448
4291,FES,4,95,1,0,3560000,3560000,0,0,0,0,0,0,0
4291,FES,3,10,1,1,2828000,2828000,0,2964875,2964875,3108375,3108375,3258820,3258820
4291,FES,1,10,1,0,400022698,400022698,0,411520698,411520698,423349185,423349185,435517662,435517662
4291,FES,3,95,7,0,1170299,1170299,0,0,0,0,0,0,0
4291,FES,4,95,1,1,320000000,320000000,0,0,0,0,0,0,0
4291,FES,3,10,1,0,9233319149,9233319149,0,9708158065,9708158065,10178032915,10178032915,10670649708,10670649708
4291,FES,1,95,1,0,1911911,1911911,0,0,0,0,0,0,0
4291,FES,4,10,1,0,400211116,400211116,0,405412268,405412268,405412268,405412268,405412268,405412268
4321,FUNPREN,3,10,1,0,1000,1000,0,1000,1000,1000,1000,1000,1000
4331,FDM,3,59,1,0,396788,396788,0,415993,415993,436127,436127,457236,457236
4331,FDM,3,10,1,0,396788,396788,0,415993,415993,436127,436127,457236,457236
4341,FHIDRO,3,31,1,0,38190637,38190637,0,40039064,40039064,41976955,41976955,44008639,44008639
4341,FHIDRO,4,31,1,0,12496070,12496070,0,12496070,12496070,12496070,12496070,12496070,12496070
4381,FUNTRANS,4,54,1,0,3955905,3955905,0,3955905,3955905,3955905,3955905,3955905,3955905
4551,FUNAPEC,3,60,9,0,1000,1000,0,1000,1000,1000,1000,1000,1000
4621,MG INVESTE,5,60,1,0,2000,2000,0,2000,2000,2000,2000,2000,2000
4631,FPP - MG,5,10,1,0,300952794,300952794,0,90000000,90000000,0,0,0,0
4631,FPP - MG,3,10,1,0,186093482,186093482,0,195100407,195100407,204543267,204543267,214443161,214443161
4631,FPP - MG,5,95,1,0,825000000,825000000,0,825000000,825000000,825000000,825000000,412500000,412500000
4641,FGP - MG,3,10,1,0,1000,1000,0,1000,1000,1000,1000,1000,1000
4651,FECIDAT,3,10,1,0,2000,2000,0,2000,2000,2000,2000,2000,2000
4661,FAIMG,3,10,1,0,1000,1000,0,1000,1000,1000,1000,1000,1000
4671,FIIMG,3,10,1,0,1000,1000,0,1000,1000,1000,1000,1000,1000
4711,FFP - MG,1,42,1,0,4935655980,4996115760,1531316594,5084712791,5188653695,5237254175,5389630592,5394371801,5599447985
4711,FFP - MG,3,10,1,0,1000000,1000100,0,1000000,1000000,1000000,1000000,1000000,1000000
4711,FFP - MG,1,60,2,0,380310602,380310602,0,389104290,389104290,398101307,398101307,407306357,407306357
4711,FFP - MG,1,44,1,0,37732510,37732510,0,38604975,38604975,39497614,39497614,40410893,40410893
4711,FFP - MG,1,15,1,0,1516231177,2172954589,0,1561718112,2223198437,1608569656,2274604042,1656826745,2327198266
4711,FFP - MG,1,52,2,0,4795372,4795372,0,4906253,4906253,5019698,5019698,5135766,5135766
4711,FFP - MG,1,10,1,0,9266314711,8482673790,0,9544304152,8679803041,9830633277,8881541638,10125552275,9087998811
4711,FFP - MG,1,43,1,0,2140168105,2203145404,1200491178,2204801182,2254087338,2270945218,2306207169,2339073575,2359532134
4711,FFP - MG,1,61,1,0,67817391,71311821,0,69866506,75003556,71962502,78886409,74121377,82970273
4711,FFP - MG,1,60,9,0,1000,1000,0,1000,1000,1000,1000,1000,1000
4721,FEPREMG,3,10,1,0,1000,1000,0,1000,0,1000,0,1000,0
