UO,FUNCAO,SUBFUNCAO,PROGRAMA,ACAO,SUBPROJETO,IAG,NUMERO_DA_OBRA_SISOR,NUMERO_DA_OBRA_SIAD,DESCRICAO_DA_OBRA,STATUS_DA_OBRA,UNIDADE_DE_MEDIDA_DA_OBRA,QUANTIDADE,ALTERAR_UNIDADE_DE_MEDIDA_DA_OBRA,REGIAO_GEOGRAFICA_INTERMEDIARIA,MUNICIPIO,VALOR_TESOURO_2024,VALOR_OUTROS_2024,VALOR_TESOURO_2025,VALOR_OUTROS_2025,VALOR_TESOURO_2026,VALOR_OUTROS_2026,VALOR_TESOURO_2027,VALOR_OUTROS_2027
1261,12,368,168,4523,1,0,360,0,REFORMA DA EE PROFESSOR CAETANO AZEREDO,INICIANDO,UNIDADE,1,Sim,Estadual,DIVERSOS MUNICÍPIOS - ESTADUAL,118504.00,0.00,0.00,0.00,0.00,0.00,0.00,0.00
1261,12,368,168,4523,1,0,361,0,PROJETO PSCIP E ADEQUAÇÃO ACESSIBILIDADE PLUGMINAS,INICIANDO,UNIDADE,1,Sim,Estadual,DIVERSOS MUNICÍPIOS - ESTADUAL,296490.00,0.00,0.00,0.00,0.00,0.00,0.00,0.00
1261,12,368,168,4523,1,0,362,0,PROJETO REFORMA E REESTRUTURAÇÃO - INSTITUTO DE EDUCAÇÃO DE MINAS GERAIS,INICIANDO,UNIDADE,1,Sim,Estadual,DIVERSOS MUNICÍPIOS - ESTADUAL,456721.00,0.00,0.00,0.00,0.00,0.00,0.00,0.00
1261,12,368,168,4523,1,0,363,0,REFORMA E RESTAURAÇÃO DA EE WENCESLAU BRAZ,INICIANDO,ESCOLA,1,Sim,Estadual,DIVERSOS MUNICÍPIOS - ESTADUAL,192253.00,0.00,0.00,0.00,0.00,0.00,0.00,0.00
1261,12,368,168,4523,1,0,364,0,REFORMA E RESTAURAÇÃO DA EE DUQUE DE CAXIAS,INICIANDO,UNIDADE,1,Sim,Estadual,DIVERSOS MUNICÍPIOS - ESTADUAL,167143.00,0.00,0.00,0.00,0.00,0.00,0.00,0.00
1261,12,368,168,4523,1,0,365,0,"REFORMA, RESTAURAÇÃO E AMPLIAÇÃO - EE AFONSO PENA",INICIANDO,UNIDADE,1,Sim,Estadual,DIVERSOS MUNICÍPIOS - ESTADUAL,205490.00,0.00,0.00,0.00,0.00,0.00,0.00,0.00
1261,12,368,168,4523,1,0,366,0,REFORMA E RESTAURAÇÃO - INSTITUTO DE EDUCAÇÃO DE MINAS GERAIS,INICIANDO,UNIDADE,1,Sim,Estadual,DIVERSOS MUNICÍPIOS - ESTADUAL,5000000.00,0.00,0.00,0.00,0.00,0.00,0.00,0.00
1261,12,368,168,4523,1,0,367,0,CONTENÇÃO DE TALUDE EE ANTONIO MARINHO CAMPOS,INICIANDO,UNIDADE,1,Sim,Estadual,DIVERSOS MUNICÍPIOS - ESTADUAL,1000000.00,0.00,0.00,0.00,0.00,0.00,0.00,0.00
1261,12,368,168,4523,1,0,368,0,"REFORMA - ESCOLAS INDÍGENAS TÉOFILO OTONI, LADAINHA, SANTA HELENA, BERTÓPOLIS",INICIANDO,UNIDADE,1,Sim,Estadual,DIVERSOS MUNICÍPIOS - ESTADUAL,2000000.00,0.00,0.00,0.00,0.00,0.00,0.00,0.00
1261,12,368,168,4523,1,0,369,0,OBRA REFORMA E RESTAURAÇÃO EE PROFESSOR ANTONIO DIAS MACIEL,INICIANDO,UNIDADE,1,Sim,Estadual,DIVERSOS MUNICÍPIOS - ESTADUAL,2000000.00,0.00,0.00,0.00,0.00,0.00,0.00,0.00
1301,15,451,81,1037,1,0,67,0,CONVENIO: 1301001279/2022 OBJETO: MELHORAMENTO DE VIA PÚBLICA E CONSTRUÇÃO DE PONTE QUE ABRANGE OS MUNICÍPIOS DE CONSOLAÇÃO/MG E CAMBUI.: SEI: 1300010003232/2022-58,EXECUÇÃO,PERCENTUAL,10,Não,Região Intermediária de Pouso Alegre,CAMBUÍ,5696235.00,6222701.00,0.00,0.00,0.00,0.00,0.00,0.00
1301,15,451,81,1037,1,0,68,0,Melhoramento de estradas vicinais - Complementação CAMPINA VERDE,EXECUÇÃO,PERCENTUAL,10,Não,Região Intermediária de Uberlândia,CAMPINA VERDE,0.00,20000000.00,0.00,0.00,0.00,0.00,0.00,0.00
1301,15,451,81,1037,1,0,69,0,Adequação de estradas vicinais - Canápolis,EXECUÇÃO,PERCENTUAL,10,Não,Região Intermediária de Uberlândia,CANÁPOLIS,0.00,8680722.00,0.00,0.00,0.00,0.00,0.00,0.00
1301,15,451,81,1037,1,0,70,0,Adequação de diversas Estradas Vicinais.,INICIANDO,PERCENTUAL,6,Não,Estadual,DIVERSOS MUNICÍPIOS - ESTADUAL,0.00,14785919.00,0.00,0.00,0.00,0.00,0.00,0.00
1301,15,451,81,1037,1,0,71,0,"Implantação de Pavimentação em perímetro urbano, garantindo adequadas condições sanitárias de segurança e conforto.",INICIANDO,PERCENTUAL,4,Não,Estadual,DIVERSOS MUNICÍPIOS - ESTADUAL,0.00,2870210.00,0.00,0.00,0.00,0.00,0.00,0.00
1301,15,451,81,1037,1,0,72,0,Melhoramento e pavimentação estradas vicinais do Estado de Minas Gerais ITURAMA,INICIANDO,PERCENTUAL,10,Não,Região Intermediária de Uberaba,ITURAMA,0.00,5018074.00,0.00,0.00,0.00,0.00,0.00,0.00
1301,15,451,81,1037,1,0,73,0,"Pavimentação e melhoramentos de estrada vicinal no trecho Jaboticatubas-Lagoa Santa com extensão de 12,6 km.",EXECUÇÃO,PERCENTUAL,10,Não,Região Intermediária de Belo Horizonte,JABOTICATUBAS,0.00,26997756.00,0.00,0.00,0.00,0.00,0.00,0.00
1301,15,451,81,1037,1,0,74,0,"Pavimentação de estrada vicinal em Limeira do Oeste - Etapas 1 e 2 compreendem pavimentação e melhoria de 23,2 km e construção da Ponte sobre o Rio Ribeirão Lama.",EXECUÇÃO,PERCENTUAL,5,Não,Região Intermediária de Uberaba,LIMEIRA DO OESTE,714121.00,38200000.00,0.00,0.00,0.00,0.00,0.00,0.00
1301,15,451,81,1037,1,0,75,0,Adequação de estradas vicinais - Limeira do Oeste III,EXECUÇÃO,PERCENTUAL,5,Não,Região Intermediária de Uberaba,LIMEIRA DO OESTE,3682811.00,18000000.00,0.00,0.00,0.00,0.00,0.00,0.00
1301,15,451,81,1037,1,0,76,0,Melhoramento de estradas vicinais PARACATU II,INICIANDO,PERCENTUAL,10,Não,Região Intermediária de Patos de Minas,PARACATU,0.00,31881845.00,0.00,0.00,0.00,0.00,0.00,0.00
1301,15,451,81,1037,1,0,77,0,Melhoramento e pavimentação estradas vicinais do Estado de Minas Gerais em Varginha - Tres Pontas,EXECUÇÃO,PERCENTUAL,10,Não,Região Intermediária de Varginha,TRÊS PONTAS,5394632.00,7660153.00,0.00,0.00,0.00,0.00,0.00,0.00
1301,15,451,81,1037,1,0,112,0,"Recuperação Funcional do Pavimento na Rodovia MG -255, trecho Itapagipe - Iturama. A execução dos serviços descritos está restrita ao âmbito de circunscrição da 31ª URG do DER/MG - Ituiutaba.",INICIANDO,PERCENTUAL,10,Não,Região Intermediária de Uberaba,ITAPAGIPE,0.00,2669632.00,0.00,0.00,0.00,0.00,0.00,0.00
1301,15,451,99,1035,1,0,90,12042,PRESTACAO DE SERVICOS DE IMPLEMENTACAO OBRA DE CONTROLE DE CHEIAS DO CORREGORIACHO DA PEDRA PROJETO DE TRABALHO TECNICO SOCIAL PPS EM CONTAGEM,INICIANDO,PERCENTUAL,25,Não,Região Intermediária de Belo Horizonte,CONTAGEM,0.00,278648.00,0.00,0.00,0.00,0.00,0.00,0.00
1301,15,451,99,1035,1,0,111,0,"Exec. Obras do Complemento da Requalif. Urb. e Ambiental do Ribeirão Arrudas”, no trecho entre o Viaduto do Barreiro e a Av. Presidente Castelo Branco, em BH e Contagem/MG.",INICIANDO,PERCENTUAL,25,Não,Região Intermediária de Belo Horizonte,CONTAGEM,0.00,9107524.00,0.00,0.00,0.00,0.00,0.00,0.00
1301,15,451,99,1036,1,0,78,0,"Execução de Obras de Contenção de Encostas em Cataguases/MG - Intervenção em setores de risco alto e muito alto, no âmbito do programa PAC Gestão de Riscos e Resposta a Desastres.",INICIANDO,UNIDADE,1,Não,Região Intermediária de Juíz de Fora,CATAGUASES,0.00,17118566.00,0.00,0.00,0.00,0.00,0.00,0.00
1301,15,451,99,1036,1,0,79,0,"Obras de contenção de encostas em Além Paraíba - Intervenção em setores de risco alto e muito alto, no âmbito do Programa PAC Gestão de Riscos e Resposta a Desastres.",INICIANDO,UNIDADE,1,Não,Região Intermediária de Juíz de Fora,ALÉM PARAÍBA,0.00,12450472.00,0.00,0.00,0.00,0.00,0.00,0.00
1301,15,451,99,1036,1,0,80,0,"Obras de Contenção de encostas em Ewbank da Câmara, Matias Barbosa e Visconde do Rio Branco - Intervenção em setores de risco alto e muito alto, no ambito do programa PAC gestão de riscos e proposta a desastre.",INICIANDO,UNIDADE,1,Não,Região Intermediária de Juíz de Fora,EWBANK DA CÂMARA,0.00,8985471.00,0.00,0.00,0.00,0.00,0.00,0.00
1301,15,451,99,1036,1,0,81,0,"Obras de contenção de encostas em Ibirité - Intervenção em setores de risco alto e muito alto, no âmbito do programa PAC Gestão de Riscos e Resposta a Desastres.",INICIANDO,UNIDADE,1,Não,Região Intermediária de Belo Horizonte,IBIRITÉ,0.00,31455000.00,0.00,0.00,0.00,0.00,0.00,0.00
1301,15,451,99,1036,1,0,82,0,"Obras de contenção de encostas em João Monlevade - Intervenção em setores de risco alto e muito alto, no âmbito do Programa PAC Gestão de Riscos e Resposta a Desastres.",INICIANDO,UNIDADE,1,Não,Região Intermediária de Ipatinga,JOÃO MONLEVADE,0.00,11874472.00,0.00,0.00,0.00,0.00,0.00,0.00
1301,15,451,99,1036,1,0,83,0,"Obras de Contenção de encostas em Manhumirim, Lajinha, Ervália,Sabinópolis e Diogo de Vasconcelos - Intervenção em setores de risco alto e muito alto. No ambito do Programa PAC gestão de riscos e proposta a desastres.",INICIANDO,UNIDADE,1,Não,Região Intermediária de Juíz de Fora,MANHUMIRIM,0.00,13370120.00,0.00,0.00,0.00,0.00,0.00,0.00
1301,15,451,99,1036,1,0,84,0,"Obras de Contenção de encostas em Muriaé - intervenção em setores de risco alto e muito alto, no âmbito do programa PAC, gestão de riscos e resposta a desastres.",INICIANDO,UNIDADE,1,Não,Região Intermediária de Juíz de Fora,MURIAÉ,0.00,22500000.00,0.00,0.00,0.00,0.00,0.00,0.00
1301,15,451,99,1036,1,0,85,0,"bras de contenção de encostas em Nova Lima - Intervenção em setores de risco alto e muito alto, no âmbito do Programa PAC Gestão de Riscos e Resposta a Desastres.",INICIANDO,UNIDADE,1,Não,Região Intermediária de Belo Horizonte,NOVA LIMA,0.00,14058000.00,0.00,0.00,0.00,0.00,0.00,0.00
1301,15,451,99,1036,1,0,86,0,"Obras de Contenção de encostas em Ouro Preto - Intervenção em setores de risco alto e muito alto, no ambito do programa PAC gestão de riscos e resposta a desastres.",EXECUÇÃO,UNIDADE,1,Não,Região Intermediária de Belo Horizonte,OURO PRETO,0.00,31500000.00,0.00,0.00,0.00,0.00,0.00,0.00
1301,15,451,99,1036,1,0,87,0,"Obras de contenção de encostas em Sabará - Intervenção em setores de risco alto e muito alto, no âmbito do Programa PAC Gestão de Riscos e Resposta a Desastres.",INICIANDO,UNIDADE,1,Não,Região Intermediária de Belo Horizonte,SABARÁ,4800000.00,7950472.00,0.00,0.00,0.00,0.00,0.00,0.00
1301,15,451,99,1036,1,0,88,0,"Obras de contenção de encostas em Santa Luzia - Intervenção em setores de risco alto e muito alto, no âmbito do Programa PAC Gestão de Riscos e Resposta a Desastres.",INICIANDO,UNIDADE,1,Não,Região Intermediária de Belo Horizonte,SANTA LUZIA,0.00,9691745.00,0.00,0.00,0.00,0.00,0.00,0.00
1301,15,451,99,1036,1,0,95,0,"bras de contenção de encostas em Timóteo - Intervenção em setores de risco alto e muito alto, no âmbito do Programa PAC Gestão de Riscos e Respostas a Desastres.",INICIANDO,UNIDADE,1,Não,Região Intermediária de Ipatinga,TIMÓTEO,0.00,31212566.00,0.00,0.00,0.00,0.00,0.00,0.00
1301,15,451,99,1038,1,0,91,0,REQUALIFICAÇÃO URBANA E AMBIENTAL DO RIBEIRÃO ARRUDAS - FNHIS/2009 - Construção de 64 unidades habitacionais.,EXECUÇÃO,UNIDADE,1,Não,Região Intermediária de Belo Horizonte,CONTAGEM,0.00,2781842.00,0.00,0.00,0.00,0.00,0.00,0.00
1301,15,451,99,1038,1,0,113,0,REQUALIFICAÇÃO URBANA E AMBIENTAL DO RIBEIRÃO ARRUDAS - FNHIS/2009 - Continuidade da execução do PTTS (Programa de Trabalho Técnico-Social),INICIANDO,UNIDADE,1,Não,Região Intermediária de Belo Horizonte,CONTAGEM,0.00,1209963.00,0.00,0.00,0.00,0.00,0.00,0.00
1301,15,451,99,1038,1,0,385,0,PAC ARRUDAS - REGULARIZAÇÃO FUNDIARIA/SERVIÇOS DE REGULARIZAÇÃO FUNDIARIA REFERENTE AS INTERVENÇÕES DO EMPREENDIMENTO PAC ARRUDAS - 192 UNIDADES HABITACIONAIS,INICIANDO,UNIDADE,1,Não,Região Intermediária de Belo Horizonte,CONTAGEM,0.00,1000000.00,0.00,0.00,0.00,0.00,0.00,0.00
1301,15,451,99,1039,1,0,121,0,Construção de 192 unidades habitacionais referente a 2ª etapa da Requalificação urbana e ambiental do Córrego Ferrugem,INICIANDO,PERCENTUAL,4,Não,Região Intermediária de Belo Horizonte,CONTAGEM,0.00,3899500.00,0.00,0.00,0.00,0.00,0.00,0.00
1301,15,451,99,1039,1,0,122,0,"PRESTACAO DE SERVICOS ESPECIALIZADOS DE APOIO TECNICO, JURIDICO E OPERACIONAL PARA EXECUCAO DA REGULARIZACAO FUNDIARIA, NO AMBITO DA 1ª ETAPA , CORREGO FERRUGEM",INICIANDO,PERCENTUAL,2,Não,Região Intermediária de Belo Horizonte,CONTAGEM,0.00,67323.00,0.00,0.00,0.00,0.00,0.00,0.00
1301,15,451,99,1039,1,0,123,0,"Execução do Plano de Trabalho Técnico-Social - PTTS, que é uma exigência do contrato de financiamento PAC FERRUGEM",INICIANDO,PERCENTUAL,2,Não,Região Intermediária de Belo Horizonte,CONTAGEM,0.00,591202.00,0.00,0.00,0.00,0.00,0.00,0.00
1301,15,451,99,1039,1,0,124,0,EXECUÇÃO DOS TRABALHOS DE CONCLUSÃO DOS SERVIÇOS DE DEMOLIÇÃO DE EDIFICAÇÕES E REMOÇÃO DOS MATERIAIS DEMOLIDOS NAS VILAS ESPORTES CLUBE E MADRE GERTRUDES EM BELO HORIOZNTE E VILA ITAU CANAL E SAMAG EM CONTAGEM DO EMPREENDIMENTO REQUALIFICAÇÃO AMBIENTAL DO CORREGO FERRUGEM.,INICIANDO,PERCENTUAL,2,Não,Região Intermediária de Belo Horizonte,CONTAGEM,0.00,242236.00,0.00,0.00,0.00,0.00,0.00,0.00
1301,15,451,99,1041,1,0,117,0,REMANESCENTE DAS OBRAS DE INFRAESTRUTURA PARA A CONCLUSAO DAS BACIAS DO CONTROLE DE CHEIAS DO CORREGO RIACHO DAS PEDRAS.,INICIANDO,PERCENTUAL,5,Não,Região Intermediária de Belo Horizonte,CONTAGEM,8901078.00,0.00,0.00,0.00,0.00,0.00,0.00,0.00
1301,15,451,99,1041,1,0,118,0,PRESTACAO DE SERVICOS DE IMPLEMENTACAO OBRA DE CONTROLE DE CHEIAS DO CORREGORIACHO DA PEDRA PROJETO DE TRABALHO TECNICO SOCIAL PPS EM CONTAGEM,INICIANDO,PERCENTUAL,5,Não,Região Intermediária de Belo Horizonte,CONTAGEM,435505.00,0.00,0.00,0.00,0.00,0.00,0.00,0.00
1301,15,451,99,4261,1,0,92,0,Termo de Compromisso nº 0.292.891-31/2009 - Requalificação Urbana e Ambiental e de Controle de Cheias do Córrego Ferrugem 1ª Etapa; b) Termo de Compromisso nº 0.301.52616/2009 - FNHIS - Requalificação Urbana e Ambiental do Ribeirão Arrudas; c) Termo de Compromisso nº 0.398.476-53/12 - e Riacho das p,EXECUÇÃO,MUNICÍPIO,1,Não,Região Intermediária de Belo Horizonte,CONTAGEM,0.00,8418331.00,0.00,0.00,0.00,0.00,0.00,0.00
1301,15,451,99,4262,1,0,120,0,"Entrega de elementos estruturais para municípios tais como: Mata burros, bueiros, abrigos e vigas metálicas",INICIANDO,INSTRUMENTO JURÍDICO,100,Não,Estadual,DIVERSOS MUNICÍPIOS - ESTADUAL,8021776.00,0.00,0.00,0.00,0.00,0.00,0.00,0.00
1301,15,451,128,1055,1,0,114,0,CONCLUSAO DA OBRA DE CONSTRUÇAO DA CADEIA PUBLICA MASCULINA DE UBA - PADRAO 388 VAGAS.,INICIANDO,UNIDADE,1,Não,Região Intermediária de Juíz de Fora,UBÁ,150000.00,0.00,0.00,0.00,0.00,0.00,0.00,0.00
1301,15,451,128,1055,1,0,115,0,CONSTRUCAO DA CADEIA PUBLICA MASCULINA DE ITAUNA – PADRAO 306 VAGAS,INICIANDO,UNIDADE,1,Não,Região Intermediária de Divinópolis,ITAÚNA,0.00,1415849.00,0.00,0.00,0.00,0.00,0.00,0.00
1301,15,451,128,1055,1,0,116,0,CONSTRUCAO DA CADEIA PUBLICA MASCULINA - 388 VAGAS EM FRUTAL / MG,INICIANDO,UNIDADE,1,Não,Região Intermediária de Uberaba,FRUTAL,1731091.00,0.00,0.00,0.00,0.00,0.00,0.00,0.00
1401,6,182,52,4120,1,0,101,12217,Construção da nova sede do quartel da Companhia BM em Araguari/MG,INICIANDO,% DE EXECUÇÃO FÍSICA,100,Sim,Região Intermediária de Uberlândia,ARAGUARI,0.00,311000.00,0.00,0.00,0.00,0.00,0.00,0.00
1401,6,182,52,4120,1,0,102,12218,Reforma do imóvel do quartel BM em Janaúba/MG,INICIANDO,% DE EXECUÇÃO FÍSICA,100,Sim,Região Intermediária de Montes Claros,JANAÚBA,0.00,312500.00,0.00,0.00,0.00,0.00,0.00,0.00
1401,6,182,52,4120,1,0,104,12229,Contratação de projeto de engenharia para unidade do Corpo de Bombeiros Militar de Minas Gerais,INICIANDO,% DE EXECUÇÃO FÍSICA,100,Sim,Região Intermediária de Belo Horizonte,BELO HORIZONTE,0.00,93099.00,0.00,0.00,0.00,0.00,0.00,0.00
1401,6,182,52,4140,1,0,159,0,Restauração dos dois prédios do 1° Batalhão de Bombeiros Militar tombados pelo patrimônio histórico.,INICIANDO,UNIDADE,1,Não,Região Intermediária de Belo Horizonte,BELO HORIZONTE,0.00,4112602.00,0.00,0.00,0.00,0.00,0.00,0.00
1401,6,182,52,4140,1,0,160,0,Obtenção de AVCB para as edificações do CBMMG por meio da contratação da elaboração de PSCIP e/ou execução desses,INICIANDO,UNIDADE,1,Não,Estadual,DIVERSOS MUNICÍPIOS - ESTADUAL,0.00,4885398.00,0.00,0.00,0.00,0.00,0.00,0.00
1451,6,421,130,1047,1,0,344,0,DIVERSAS OBRAS REFERENTES A RECURSO VALE,INICIANDO,UNIDADE,10,Não,Estadual,DIVERSOS MUNICÍPIOS - ESTADUAL,0.00,26150000.00,0.00,0.00,0.00,0.00,0.00,0.00
1451,6,421,130,1048,1,1,230,0,"REFORMA DA MURALHA, DA PASSARELA E DAS GUARITAS, E REFORCO ESTRUTURAL DA MURALHA DO COMPLEXO PENITENCIARIO NELSON HUNGRIA DE CONTAGEM",EXECUÇÃO,UNIDADE,1,Sim,Estadual,DIVERSOS MUNICÍPIOS - ESTADUAL,9474069.00,0.00,0.00,0.00,0.00,0.00,0.00,0.00
1451,6,421,130,1048,1,1,231,0,"ELAB.PROJ.PSCIP DE 7 UNIDADES PRISIONAIS DO DEPARTAMENTO PENITENCIÁRIO(DEPEN-MG) EM BHTE,CORONEL FABRICIANO, IPATINGA,RIBEIRAO DAS NEVES E SOA JOAQUIM DE BICAS.",EXECUÇÃO,UNIDADE,7,Sim,Estadual,DIVERSOS MUNICÍPIOS - ESTADUAL,30446.00,0.00,0.00,0.00,0.00,0.00,0.00,0.00
1501,4,122,147,4476,1,0,155,0,OBRA DE REFORMA DE UM PRÉDIO EM BELO HORIZONTE PARA OCUPAÇÃO DA SCPMSO,INICIANDO,PORCENTAGEM DE OBRA REALIZADA,100,Sim,Região Intermediária de Belo Horizonte,BELO HORIZONTE,8304410.00,0.00,0.00,0.00,0.00,0.00,0.00,0.00
1501,4,122,147,4476,1,0,158,0,OBRA DE REFORMA NA UNIDADE REGIONAL DE PERÍCIA MÉDICA DE UBERLÂNDIA,INICIANDO,% DE EXECUÇÃO FÍSICA,100,Sim,Região Intermediária de Uberlândia,UBERLÂNDIA,962219.00,0.00,0.00,0.00,0.00,0.00,0.00,0.00
1501,4,122,156,1085,1,0,156,0,OBRA PARA ABRIGOS E CAMINHOS NA CIDADE ADMINISTRATA,INICIANDO,UNIDADE,1,Não,Região Intermediária de Belo Horizonte,BELO HORIZONTE,0.00,4500000.00,0.00,0.00,0.00,0.00,0.00,0.00
1501,4,122,156,4465,1,0,157,0,OBRA PARA PROJETO DE USINA FOTOVOLTAICA NA CIDADE ADMINISTRATIVA,INICIANDO,PORCENTAGEM DE OBRA REALIZADA,100,Sim,Região Intermediária de Belo Horizonte,BELO HORIZONTE,3650000.00,0.00,0.00,0.00,0.00,0.00,0.00,0.00
1511,6,181,32,4060,1,0,329,0,"Reforma e adequação para instalação do complexo para atendimento à mulher vítima de violência no prédio anexo ao imóvel localizado na Av. João de Deus Costa, nº 42, Bairro Centro, Contagem/MG",INICIANDO,UNIDADE,1,Sim,Estadual,DIVERSOS MUNICÍPIOS - ESTADUAL,0.00,662263.00,0.00,0.00,0.00,0.00,0.00,0.00
1511,6,181,32,4060,1,0,330,0,"Reforma e adequação no imóvel situado na Avenida Faria Pereira, 3517, Bairro Marciano Brandão, Patrocínio MG.",INICIANDO,UNIDADE,1,Sim,Estadual,DIVERSOS MUNICÍPIOS - ESTADUAL,0.00,250000.00,0.00,0.00,0.00,0.00,0.00,0.00
1511,6,181,32,4060,1,0,331,0,"Fornecimento e instalação de rede elétrica exclusiva para os equipamentos, fornecimento e instalação de rede frigorígena e rede de dreno em 02 (duas) salas da Delegacia de Polícia Civil do Município de Lagoa Santa/MG, situada na R. Santos Dumont, 55 - Lindolfo do C Viana, Lagoa Santa - MG",INICIANDO,UNIDADE,1,Sim,Estadual,DIVERSOS MUNICÍPIOS - ESTADUAL,0.00,14511.00,0.00,0.00,0.00,0.00,0.00,0.00
1511,6,181,32,4060,1,0,332,0,"Fornecimento e instalação de rede elétrica exclusiva para os equipamentos, fornecimento e instalação de rede frigorígena e rede de dreno em 02 (duas) salas da Delegacia de Polícia Civil do Município de Andradas/MG, situada na R. Erico Buzato, 234, Vila Buzato, Andradas / MG, CEP: 37795-000",INICIANDO,UNIDADE,1,Sim,Estadual,DIVERSOS MUNICÍPIOS - ESTADUAL,0.00,14305.00,0.00,0.00,0.00,0.00,0.00,0.00
1511,6,181,32,4060,1,0,333,0,"Fornecimento e instalação de rede elétrica exclusiva para os equipamentos de ar condicionado e instalação de rede frigorígena e rede de dreno em 02 (duas) salas da Delegacia de Polícia Civil do Município de Conceição das Alagoas/MG, situada na Rua Wady Nassif, 79, Centro, Conceição das Alagoas/MG",INICIANDO,UNIDADE,1,Sim,Estadual,DIVERSOS MUNICÍPIOS - ESTADUAL,0.00,14378.00,0.00,0.00,0.00,0.00,0.00,0.00
1511,6,181,32,4060,1,0,334,0,"reforma e adequação no imóvel que abriga o Hospital da Polícia Civil - HPC, localizado na Rua Bernardo Guimarães nº 1.280, Funcionários, Belo Horizonte/MG",INICIANDO,UNIDADE,1,Sim,Estadual,DIVERSOS MUNICÍPIOS - ESTADUAL,0.00,66215.00,0.00,0.00,0.00,0.00,0.00,0.00
1511,6,181,32,4060,1,0,335,0,ESTRUTURAÇÃO OPERACIONAL DA PCMG,INICIANDO,UNIDADE,1,Sim,Estadual,DIVERSOS MUNICÍPIOS - ESTADUAL,0.00,6621753.00,0.00,0.00,0.00,0.00,0.00,0.00
1511,6,181,32,4063,1,0,154,0,CONSTRUÇÃO DO NÚCLEO INTEGRADO DE PERÍCIAS DA PCMG,INICIANDO,ETAPA,1,Não,Estadual,DIVERSOS MUNICÍPIOS - ESTADUAL,0.00,6000000.00,0.00,0.00,0.00,0.00,0.00,0.00
2011,10,122,705,2039,1,0,149,0,Execução de serviços de demolição e limpeza fazenda Contagem,INICIANDO,METRO QUADRADO,1000,Sim,Estadual,DIVERSOS MUNICÍPIOS - ESTADUAL,0.00,300000.00,0.00,0.00,0.00,0.00,0.00,0.00
2011,10,122,705,2039,1,0,150,0,Reforma e adaptação do imóvel do DER para instalação da Agência regional do Ipsemg.,INICIANDO,METRO QUADRADO,74,Sim,Estadual,DIVERSOS MUNICÍPIOS - ESTADUAL,0.00,200000.00,0.00,0.00,0.00,0.00,0.00,0.00
2011,10,122,705,2039,1,0,151,0,Reforma de manutenção do imóvel do Centro Regional - 80%,INICIANDO,METRO QUADRADO,240,Sim,Estadual,DIVERSOS MUNICÍPIOS - ESTADUAL,0.00,800000.00,0.00,0.00,0.00,0.00,0.00,0.00
2011,10,122,705,2039,1,0,152,0,Reforma geral no imóvel do Centro Regional de Teófilo Otôni - 90%,INICIANDO,METRO QUADRADO,700000,Sim,Estadual,DIVERSOS MUNICÍPIOS - ESTADUAL,0.00,700000.00,0.00,0.00,0.00,0.00,0.00,0.00
2011,10,302,88,4231,1,0,130,0,Reformas ala B do HGIP - 40%,INICIANDO,METRO QUADRADO,1548,Sim,Região Intermediária de Belo Horizonte,BELO HORIZONTE,0.00,7000000.00,0.00,0.00,0.00,0.00,0.00,0.00
2011,10,302,88,4231,1,0,131,0,Reforma-manutenção das fachadas do HGIP - 25%,INICIANDO,METRO QUADRADO,2000,Sim,Região Intermediária de Belo Horizonte,BELO HORIZONTE,0.00,500000.00,0.00,0.00,0.00,0.00,0.00,0.00
2011,10,302,88,4231,1,0,132,0,Reforma da Endoscopia - HGIP - 70%,INICIANDO,METRO QUADRADO,114,Sim,Região Intermediária de Belo Horizonte,BELO HORIZONTE,0.00,700000.00,0.00,0.00,0.00,0.00,0.00,0.00
2011,10,302,88,4231,1,0,133,0,Reforma da Quimioterapia - HGIP Projeto,INICIANDO,METRO QUADRADO,34,Sim,Região Intermediária de Belo Horizonte,BELO HORIZONTE,0.00,100000.00,0.00,0.00,0.00,0.00,0.00,0.00
2091,18,543,40,4070,1,0,328,0,OBRA DESCOMTAMINAÇÃO POR MERCURIO,INICIANDO,UNIDADE,18,Não,Região Intermediária de Juíz de Fora,DESCOBERTO,0.00,5473946.00,0.00,5473946.00,0.00,5473946.00,0.00,5473946.00
2101,18,541,31,4058,1,0,336,0,CETRAS UBERLÂNDIA,INICIANDO,UNIDADE,1,Sim,Região Intermediária de Uberlândia,UBERLÂNDIA,0.00,4140629.00,0.00,0.00,0.00,0.00,0.00,0.00
2101,18,541,31,4058,1,0,337,0,CETRAS GOVERNADOR VALADARES,INICIANDO,UNIDADE,1,Sim,Região Intermediária de Governador Valadares,GOVERNADOR VALADARES,0.00,3612950.00,0.00,0.00,0.00,0.00,0.00,0.00
2101,18,541,31,4059,1,0,338,0,OBRAS DE ESTRUTURAÇÃO DO PE PICO DO ITAMBÉ,INICIANDO,UNIDADE,1,Sim,Região Intermediária de Teófilo Otoni,SANTO ANTÔNIO DO ITAMBÉ,0.00,2252367.00,0.00,0.00,0.00,0.00,0.00,0.00
2101,18,541,31,4059,1,0,340,0,PROJETO E OBRA APA PARQUE FERNÃO DIAS,INICIANDO,UNIDADE,1,Sim,Região Intermediária de Belo Horizonte,CONTAGEM,0.00,190166.00,0.00,0.00,0.00,0.00,0.00,0.00
2101,18,541,31,4059,1,0,341,0,OBRAS PE SERRA NEGRA DA MANTIQUEIRA,INICIANDO,UNIDADE,1,Sim,Região Intermediária de Juíz de Fora,OLARIA,0.00,526682.00,0.00,0.00,0.00,0.00,0.00,0.00
2151,12,572,75,1023,1,0,125,0,CRIAÇÃO DO CENTRO DE REFERENCIA,INICIANDO,PERCENTUAL,30,Não,Região Intermediária de Belo Horizonte,IBIRITÉ,100000.00,0.00,1000000.00,0.00,1200000.00,0.00,1000000.00,0.00
2261,10,122,705,2500,1,0,126,0,"Obras civis para adequação/revisão, atualização do projeto de Prevenção e Combate a Incêndio e Pânico, aprovado junto ao CBMMG. O valor será rateado nas 4 Diretorias. Projeto sofreá alterações devendo ser aprovado novamente.",EXECUÇÃO,% DE EXECUÇÃO FÍSICA,100,Sim,Região Intermediária de Belo Horizonte,BELO HORIZONTE,2000000.00,0.00,0.00,0.00,0.00,0.00,0.00,0.00
2261,10,122,705,2500,1,0,135,0,Projeot e obra de pavimentação e sinalização das ruas internas da FUNED.,INICIANDO,AÇÃO,100,Sim,Região Intermediária de Belo Horizonte,BELO HORIZONTE,1500000.00,0.00,0.00,0.00,0.00,0.00,0.00,0.00
2261,10,122,705,2500,1,0,140,0,Ampliação de estacionamento e estruturação de área para pátio de conteineres destinado a prestadores de serviço e abrigo de materiais.,INICIANDO,% DE EXECUÇÃO FÍSICA,100,Sim,Região Intermediária de Belo Horizonte,BELO HORIZONTE,1000000.00,0.00,0.00,0.00,0.00,0.00,0.00,0.00
2261,10,303,153,4457,1,0,134,0,"Recuperação estrutural do prédio Nº 6, denominado à Divisão de Vigilância Sanitária e Ambiental (DIVISA)/DIOM.",INICIANDO,% DE EXECUÇÃO FÍSICA,100,Sim,Região Intermediária de Belo Horizonte,BELO HORIZONTE,200000.00,0.00,0.00,0.00,0.00,0.00,0.00,0.00
2261,10,303,154,4459,1,0,147,0,"Construção de refeitório, área para tratamento animal e área para resíduos na Fazenda experimental - Ação 4288",INICIANDO,% DE EXECUÇÃO FÍSICA,100,Sim,Região Intermediária de Belo Horizonte,BELO HORIZONTE,800000.00,0.00,0.00,0.00,0.00,0.00,0.00,0.00
2261,10,303,154,4459,1,0,345,0,"Projeto e obra de adequação/construção de edificação da DIV DE CONTROLE DA QUALIDADE/DI. Ampliando, atualizando, e adequando, a infraestrutura que permita atender as demandas internas de análises do Controle e qualidade e capacidade.",INICIANDO,% DE EXECUÇÃO FÍSICA,1,Sim,Região Intermediária de Belo Horizonte,BELO HORIZONTE,300000.00,0.00,0.00,0.00,0.00,0.00,0.00,0.00
2261,10,303,154,4459,1,0,346,0,Finalização das instalações da unidade V para liberar a área completamente para produção dentre das normas vigentes.,INICIANDO,% DE EXECUÇÃO FÍSICA,100,Sim,Região Intermediária de Belo Horizonte,BELO HORIZONTE,20000000.00,0.00,0.00,0.00,0.00,0.00,0.00,0.00
2261,10,303,154,4460,1,0,148,0,"Projeto e obra de adequação/construção de edificação da DIV DE CONTROLE DA QUALIDADE/DI. Ampliando, atualizando, e adequando, a infraestrutura que permita atender as demandas internas de análises do Controle e qualidade e capacidade.",INICIANDO,UNIDADE,1,Sim,Região Intermediária de Belo Horizonte,BELO HORIZONTE,350000.00,0.00,0.00,0.00,0.00,0.00,0.00,0.00
2261,10,571,150,4455,1,0,136,0,Obra de Reforma do Galpão Ciência em Movimento - Ação 4189,INICIANDO,AÇÃO,100,Sim,Região Intermediária de Belo Horizonte,BELO HORIZONTE,255900.00,0.00,0.00,0.00,0.00,0.00,0.00,0.00
2271,10,302,19,4035,1,0,343,0,Intervenções e Projetos no Hospital Júlia Kubitscheck,INICIANDO,UNIDADE,85943,Sim,Região Intermediária de Belo Horizonte,BELO HORIZONTE,0.00,1459920.00,0.00,0.00,0.00,0.00,0.00,0.00
2301,26,782,47,4280,1,0,164,0,REESTABELECIMENTO TRAFEGABILIDADE,INICIANDO,QUILÔMETRO,10,Não,Região Intermediária de Belo Horizonte,BELO HORIZONTE,44000000.00,0.00,0.00,0.00,0.00,0.00,0.00,0.00
2301,26,782,47,4280,1,0,370,0,MITIGAÇÃO DE DANOS CAUSADOS PELAS CHUVAS,INICIANDO,QUILÔMETRO,10,Não,Região Intermediária de Belo Horizonte,BELO HORIZONTE,0.00,36000000.00,0.00,0.00,0.00,0.00,0.00,0.00
2301,26,782,81,4268,1,0,232,0,AMPLIAÇÃO DE CAPACIDADE DA MALHA VIÁRIA,INICIANDO,QUILÔMETRO,16,Não,Região Intermediária de Uberlândia,ITUIUTABA,0.00,5666666.00,0.00,0.00,0.00,0.00,0.00,0.00
2301,26,782,81,4268,1,0,233,0,AMPLIAÇÃO DE CAPACIDADE DA MALHA VIÁRIA,INICIANDO,QUILÔMETRO,16,Não,Região Intermediária de Varginha,PASSOS,0.00,5666666.00,0.00,0.00,0.00,0.00,0.00,0.00
2301,26,782,81,4268,1,0,234,0,AMPLIAÇÃO DE CAPACIDADE DA MALHA VIÁRIA,INICIANDO,QUILÔMETRO,16,Não,Região Intermediária de Patos de Minas,PATOS DE MINAS,0.00,5666666.00,0.00,0.00,0.00,0.00,0.00,0.00
2301,26,782,81,4268,1,0,235,0,AMPLIAÇÃO DE CAPACIDADE DA MALHA VIÁRIA,INICIANDO,QUILÔMETRO,16,Não,Região Intermediária de Juíz de Fora,UBÁ,0.00,5666666.00,0.00,0.00,0.00,0.00,0.00,0.00
2301,26,782,81,4268,1,0,236,0,AMPLIAÇÃO DE CAPACIDADE DA MALHA VIÁRIA,INICIANDO,QUILÔMETRO,16,Não,Região Intermediária de Varginha,VARGINHA,0.00,5666666.00,0.00,0.00,0.00,0.00,0.00,0.00
2301,26,782,81,4268,1,0,237,0,AMPLIAÇÃO DE CAPACIDADE DA MALHA VIÁRIA,INICIANDO,QUILÔMETRO,20,Não,Região Intermediária de Belo Horizonte,BELO HORIZONTE,0.00,5666670.00,0.00,0.00,0.00,0.00,0.00,0.00
2301,26,782,81,4272,1,0,238,0,IMPLANTAÇÃO E MANUTENÇÃO DE OAE´S,INICIANDO,OBRA,1,Não,Região Intermediária de Patos de Minas,JOÃO PINHEIRO,2777777.00,0.00,0.00,0.00,0.00,0.00,0.00,0.00
2301,26,782,81,4272,1,0,239,0,IMPLANTAÇÃO E MANUTENÇÃO DE OAE´S,INICIANDO,OBRA,1,Não,Região Intermediária de Divinópolis,LAGOA DA PRATA,2777777.00,0.00,0.00,0.00,0.00,0.00,0.00,0.00
2301,26,782,81,4272,1,0,240,0,IMPLANTAÇÃO E MANUTENÇÃO DE OAE´S,INICIANDO,OBRA,1,Não,Região Intermediária de Montes Claros,MANGA,2777777.00,0.00,0.00,0.00,0.00,0.00,0.00,0.00
2301,26,782,81,4272,1,0,241,0,IMPLANTAÇÃO E MANUTENÇÃO DE OAE´S,INICIANDO,OBRA,1,Não,Região Intermediária de Patos de Minas,PATOS DE MINAS,2777777.00,0.00,0.00,0.00,0.00,0.00,0.00,0.00
2301,26,782,81,4272,1,0,242,0,IMPLANTAÇÃO E MANUTENÇÃO DE OAE´S,INICIANDO,OBRA,1,Não,Região Intermediária de Juíz de Fora,PEDRA BONITA,2777777.00,0.00,0.00,0.00,0.00,0.00,0.00,0.00
2301,26,782,81,4272,1,0,243,0,IMPLANTAÇÃO E MANUTENÇÃO DE OAE´S,INICIANDO,OBRA,1,Não,Região Intermediária de Divinópolis,PIMENTA,2777777.00,0.00,0.00,0.00,0.00,0.00,0.00,0.00
2301,26,782,81,4272,1,0,244,0,IMPLANTAÇÃO E MANUTENÇÃO DE OAE´S,INICIANDO,OBRA,1,Não,Região Intermediária de Juíz de Fora,RIO POMBA,2777777.00,0.00,0.00,0.00,0.00,0.00,0.00,0.00
2301,26,782,81,4272,1,0,245,0,IMPLANTAÇÃO E MANUTENÇÃO DE OAE´S,INICIANDO,OBRA,1,Não,Região Intermediária de Juíz de Fora,SANTO ANTÔNIO DO GRAMA,2777777.00,0.00,0.00,0.00,0.00,0.00,0.00,0.00
2301,26,782,81,4272,1,0,246,0,IMPLANTAÇÃO E MANUTENÇÃO DE OAE´S,INICIANDO,OBRA,1,Não,Região Intermediária de Belo Horizonte,BELO HORIZONTE,2777784.00,15000000.00,0.00,0.00,0.00,0.00,0.00,0.00
2301,26,782,81,4275,1,0,260,0,IMPLANTAÇÃO/PAVIMENTAÇÃO DA MALHA,INICIANDO,QUILÔMETRO,11,Não,Região Intermediária de Uberlândia,ARAGUARI,1538461.00,0.00,0.00,0.00,0.00,0.00,0.00,0.00
2301,26,782,81,4275,1,0,261,0,IMPLANTAÇÃO/PAVIMENTAÇÃO DA MALHA,INICIANDO,QUILÔMETRO,11,Não,Região Intermediária de Belo Horizonte,CAETÉ,1538461.00,0.00,0.00,0.00,0.00,0.00,0.00,0.00
2301,26,782,81,4275,1,0,262,0,IMPLANTAÇÃO/PAVIMENTAÇÃO DA MALHA,INICIANDO,QUILÔMETRO,11,Não,Região Intermediária de Teófilo Otoni,CAPELINHA,1538461.00,0.00,0.00,0.00,0.00,0.00,0.00,0.00
2301,26,782,81,4275,1,0,263,0,IMPLANTAÇÃO/PAVIMENTAÇÃO DA MALHA,INICIANDO,QUILÔMETRO,11,Não,Região Intermediária de Varginha,CORDISLÂNDIA,1538461.00,0.00,0.00,0.00,0.00,0.00,0.00,0.00
2301,26,782,81,4275,1,0,264,0,IMPLANTAÇÃO/PAVIMENTAÇÃO DA MALHA,INICIANDO,QUILÔMETRO,11,Não,Região Intermediária de Teófilo Otoni,DIAMANTINA,1538461.00,0.00,0.00,0.00,0.00,0.00,0.00,0.00
2301,26,782,81,4275,1,0,265,0,IMPLANTAÇÃO/PAVIMENTAÇÃO DA MALHA,INICIANDO,QUILÔMETRO,11,Não,Região Intermediária de Juíz de Fora,DIVINÉSIA,1538461.00,0.00,0.00,0.00,0.00,0.00,0.00,0.00
2301,26,782,81,4275,1,0,266,0,IMPLANTAÇÃO/PAVIMENTAÇÃO DA MALHA,INICIANDO,QUILÔMETRO,11,Não,Região Intermediária de Belo Horizonte,ESMERALDAS,1538461.00,0.00,0.00,0.00,0.00,0.00,0.00,0.00
2301,26,782,81,4275,1,0,267,0,IMPLANTAÇÃO/PAVIMENTAÇÃO DA MALHA,INICIANDO,QUILÔMETRO,11,Não,Região Intermediária de Belo Horizonte,ITABIRITO,1538461.00,0.00,0.00,0.00,0.00,0.00,0.00,0.00
2301,26,782,81,4275,1,0,268,0,IMPLANTAÇÃO/PAVIMENTAÇÃO DA MALHA,INICIANDO,QUILÔMETRO,11,Não,Região Intermediária de Uberaba,ITAPAGIPE,1538461.00,0.00,0.00,0.00,0.00,0.00,0.00,0.00
2301,26,782,81,4275,1,0,269,0,IMPLANTAÇÃO/PAVIMENTAÇÃO DA MALHA,INICIANDO,QUILÔMETRO,11,Não,Região Intermediária de Montes Claros,JANUÁRIA,1538461.00,0.00,0.00,0.00,0.00,0.00,0.00,0.00
2301,26,782,81,4275,1,0,270,0,IMPLANTAÇÃO/PAVIMENTAÇÃO DA MALHA,INICIANDO,QUILÔMETRO,11,Não,Região Intermediária de Uberaba,LIMEIRA DO OESTE,1538461.00,0.00,0.00,0.00,0.00,0.00,0.00,0.00
2301,26,782,81,4275,1,0,271,0,IMPLANTAÇÃO/PAVIMENTAÇÃO DA MALHA,INICIANDO,QUILÔMETRO,11,Não,Região Intermediária de Ipatinga,VARGEM ALEGRE,1538461.00,0.00,0.00,0.00,0.00,0.00,0.00,0.00
2301,26,782,81,4275,1,0,272,0,IMPLANTAÇÃO/PAVIMENTAÇÃO DA MALHA,INICIANDO,QUILÔMETRO,11,Não,Região Intermediária de Ipatinga,MARLIÉRIA,1538461.00,0.00,0.00,0.00,0.00,0.00,0.00,0.00
2301,26,782,81,4275,1,0,273,0,IMPLANTAÇÃO/PAVIMENTAÇÃO DA MALHA,INICIANDO,QUILÔMETRO,11,Não,Região Intermediária de Divinópolis,MEDEIROS,1538461.00,0.00,0.00,0.00,0.00,0.00,0.00,0.00
2301,26,782,81,4275,1,0,274,0,IMPLANTAÇÃO/PAVIMENTAÇÃO DA MALHA,INICIANDO,QUILÔMETRO,11,Não,Região Intermediária de Divinópolis,MORADA NOVA DE MINAS,1538461.00,0.00,0.00,0.00,0.00,0.00,0.00,0.00
2301,26,782,81,4275,1,0,275,0,IMPLANTAÇÃO/PAVIMENTAÇÃO DA MALHA,INICIANDO,QUILÔMETRO,11,Não,Região Intermediária de Juíz de Fora,MUTUM,1538461.00,0.00,0.00,0.00,0.00,0.00,0.00,0.00
2301,26,782,81,4275,1,0,276,0,IMPLANTAÇÃO/PAVIMENTAÇÃO DA MALHA,INICIANDO,QUILÔMETRO,11,Não,Região Intermediária de Belo Horizonte,SETE LAGOAS,1538461.00,0.00,0.00,0.00,0.00,0.00,0.00,0.00
2301,26,782,81,4275,1,0,277,0,IMPLANTAÇÃO/PAVIMENTAÇÃO DA MALHA,INICIANDO,QUILÔMETRO,11,Não,Região Intermediária de Barbacena,NAZARENO,1538461.00,0.00,0.00,0.00,0.00,0.00,0.00,0.00
2301,26,782,81,4275,1,0,278,0,IMPLANTAÇÃO/PAVIMENTAÇÃO DA MALHA,INICIANDO,QUILÔMETRO,10,Não,Região Intermediária de Belo Horizonte,SABARÁ,1538461.00,0.00,0.00,0.00,0.00,0.00,0.00,0.00
2301,26,782,81,4275,1,0,279,0,IMPLANTAÇÃO/PAVIMENTAÇÃO DA MALHA,INICIANDO,QUILÔMETRO,11,Não,Região Intermediária de Divinópolis,PAPAGAIOS,1538461.00,0.00,0.00,0.00,0.00,0.00,0.00,0.00
2301,26,782,81,4275,1,0,280,0,IMPLANTAÇÃO/PAVIMENTAÇÃO DA MALHA,INICIANDO,QUILÔMETRO,11,Não,Região Intermediária de Belo Horizonte,RIBEIRÃO DAS NEVES,1538461.00,0.00,0.00,0.00,0.00,0.00,0.00,0.00
2301,26,782,81,4275,1,0,281,0,IMPLANTAÇÃO/PAVIMENTAÇÃO DA MALHA,INICIANDO,QUILÔMETRO,11,Não,Região Intermediária de Patos de Minas,PARACATU,1538461.00,0.00,0.00,0.00,0.00,0.00,0.00,0.00
2301,26,782,81,4275,1,0,283,0,IMPLANTAÇÃO/PAVIMENTAÇÃO DA MALHA,INICIANDO,QUILÔMETRO,11,Não,Região Intermediária de Governador Valadares,PEÇANHA,1538461.00,0.00,0.00,0.00,0.00,0.00,0.00,0.00
2301,26,782,81,4275,1,0,284,0,IMPLANTAÇÃO/PAVIMENTAÇÃO DA MALHA,INICIANDO,QUILÔMETRO,11,Não,Região Intermediária de Teófilo Otoni,PEDRA AZUL,1538461.00,0.00,0.00,0.00,0.00,0.00,0.00,0.00
2301,26,782,81,4275,1,0,285,0,IMPLANTAÇÃO/PAVIMENTAÇÃO DA MALHA,INICIANDO,QUILÔMETRO,11,Não,Região Intermediária de Montes Claros,PINTÓPOLIS,1538461.00,0.00,0.00,0.00,0.00,0.00,0.00,0.00
2301,26,782,81,4275,1,0,286,0,IMPLANTAÇÃO/PAVIMENTAÇÃO DA MALHA,INICIANDO,QUILÔMETRO,13,Não,Região Intermediária de Belo Horizonte,BELO HORIZONTE,1538475.00,63031636.00,0.00,0.00,0.00,0.00,0.00,0.00
2301,26,782,81,4275,1,0,327,0,IMPLANTAÇÃO/PAVIMENTAÇÃO DA MALHA,INICIANDO,QUILÔMETRO,1,Não,Região Intermediária de Belo Horizonte,BELO HORIZONTE,0.00,86833522.00,0.00,0.00,0.00,0.00,0.00,0.00
2301,26,782,81,4287,1,0,213,0,CONSTRUÇÃO E ADEQUAÇÃO DE RODOVIAS,INICIANDO,UNIDADE,1,Não,Região Intermediária de Belo Horizonte,BELO HORIZONTE,0.00,2000000.00,0.00,0.00,0.00,0.00,0.00,0.00
2301,26,782,81,4288,1,0,214,0,RECUPERAÇÃO E MANUTENÇÃO DA MALHA VIÁRIA,INICIANDO,UNIDADE,1,Não,Região Intermediária de Belo Horizonte,BELO HORIZONTE,0.00,8000000.00,0.00,0.00,0.00,0.00,0.00,0.00
2301,26,782,81,4289,1,0,215,0,CONSTRUÇÃO E ADEQUAÇÃO DE RODOVIAS,INICIANDO,UNIDADE,1,Não,Região Intermediária de Belo Horizonte,BELO HORIZONTE,0.00,20000000.00,0.00,0.00,0.00,0.00,0.00,0.00
2301,26,782,81,4293,1,0,287,0,CONSERVAÇÃO ROTINEIRA DA MALHA VIÁRIA,INICIANDO,QUILÔMETRO,631,Não,Região Intermediária de Divinópolis,ABAETÉ,0.00,8512074.00,0.00,0.00,0.00,0.00,0.00,0.00
2301,26,782,81,4293,1,0,288,0,CONSERVAÇÃO ROTINEIRA DA MALHA VIÁRIA,INICIANDO,QUILÔMETRO,631,Não,Região Intermediária de Teófilo Otoni,ARAÇUAÍ,0.00,8512074.00,0.00,0.00,0.00,0.00,0.00,0.00
2301,26,782,81,4293,1,0,289,0,CONSERVAÇÃO ROTINEIRA DA MALHA VIÁRIA,INICIANDO,QUILÔMETRO,631,Não,Região Intermediária de Uberaba,ARAXÁ,0.00,8512074.00,0.00,0.00,0.00,0.00,0.00,0.00
2301,26,782,81,4293,1,0,290,0,CONSERVAÇÃO ROTINEIRA DA MALHA VIÁRIA,INICIANDO,QUILÔMETRO,631,Não,Região Intermediária de Patos de Minas,ARINOS,0.00,8512074.00,0.00,0.00,0.00,0.00,0.00,0.00
2301,26,782,81,4293,1,0,291,0,CONSERVAÇÃO ROTINEIRA DA MALHA VIÁRIA,INICIANDO,QUILÔMETRO,631,Não,Região Intermediária de Barbacena,BARBACENA,0.00,8512074.00,0.00,0.00,0.00,0.00,0.00,0.00
2301,26,782,81,4293,1,0,292,0,CONSERVAÇÃO ROTINEIRA DA MALHA VIÁRIA,INICIANDO,QUILÔMETRO,631,Não,Região Intermediária de Montes Claros,BRASÍLIA DE MINAS,0.00,8512074.00,0.00,0.00,0.00,0.00,0.00,0.00
2301,26,782,81,4293,1,0,293,0,CONSERVAÇÃO ROTINEIRA DA MALHA VIÁRIA,INICIANDO,QUILÔMETRO,631,Não,Região Intermediária de Teófilo Otoni,CAPELINHA,0.00,8512074.00,0.00,0.00,0.00,0.00,0.00,0.00
2301,26,782,81,4293,1,0,294,0,CONSERVAÇÃO ROTINEIRA DA MALHA VIÁRIA,INICIANDO,QUILÔMETRO,631,Não,Região Intermediária de Ipatinga,CORONEL FABRICIANO,0.00,8512074.00,0.00,0.00,0.00,0.00,0.00,0.00
2301,26,782,81,4293,1,0,295,0,CONSERVAÇÃO ROTINEIRA DA MALHA VIÁRIA,INICIANDO,QUILÔMETRO,631,Não,Região Intermediária de Belo Horizonte,CURVELO,0.00,4512074.00,0.00,0.00,0.00,0.00,0.00,0.00
2301,26,782,81,4293,1,0,296,0,CONSERVAÇÃO ROTINEIRA DA MALHA VIÁRIA,INICIANDO,QUILÔMETRO,631,Não,Região Intermediária de Teófilo Otoni,DIAMANTINA,0.00,8512074.00,0.00,0.00,0.00,0.00,0.00,0.00
2301,26,782,81,4293,1,0,297,0,CONSERVAÇÃO ROTINEIRA DA MALHA VIÁRIA,INICIANDO,QUILÔMETRO,631,Não,Região Intermediária de Divinópolis,FORMIGA,0.00,8512074.00,0.00,0.00,0.00,0.00,0.00,0.00
2301,26,782,81,4293,1,0,298,0,CONSERVAÇÃO ROTINEIRA DA MALHA VIÁRIA,INICIANDO,QUILÔMETRO,631,Não,Região Intermediária de Governador Valadares,GOVERNADOR VALADARES,0.00,8512074.00,0.00,0.00,0.00,0.00,0.00,0.00
2301,26,782,81,4293,1,0,299,0,CONSERVAÇÃO ROTINEIRA DA MALHA VIÁRIA,INICIANDO,QUILÔMETRO,631,Não,Região Intermediária de Governador Valadares,GUANHÃES,0.00,8512074.00,0.00,0.00,0.00,0.00,0.00,0.00
2301,26,782,81,4293,1,0,300,0,CONSERVAÇÃO ROTINEIRA DA MALHA VIÁRIA,INICIANDO,QUILÔMETRO,631,Não,Região Intermediária de Belo Horizonte,ITABIRA,0.00,4512074.00,0.00,0.00,0.00,0.00,0.00,0.00
2301,26,782,81,4293,1,0,301,0,CONSERVAÇÃO ROTINEIRA DA MALHA VIÁRIA,INICIANDO,QUILÔMETRO,631,Não,Região Intermediária de Pouso Alegre,ITAJUBÁ,0.00,8512074.00,0.00,0.00,0.00,0.00,0.00,0.00
2301,26,782,81,4293,1,0,302,0,CONSERVAÇÃO ROTINEIRA DA MALHA VIÁRIA,INICIANDO,QUILÔMETRO,631,Não,Região Intermediária de Varginha,VARGINHA,0.00,8512074.00,0.00,0.00,0.00,0.00,0.00,0.00
2301,26,782,81,4293,1,0,303,0,CONSERVAÇÃO ROTINEIRA DA MALHA VIÁRIA,INICIANDO,QUILÔMETRO,631,Não,Região Intermediária de Uberlândia,UBERLÂNDIA,0.00,8512074.00,0.00,0.00,0.00,0.00,0.00,0.00
2301,26,782,81,4293,1,0,304,0,CONSERVAÇÃO ROTINEIRA DA MALHA VIÁRIA,INICIANDO,QUILÔMETRO,631,Não,Região Intermediária de Uberaba,UBERABA,0.00,5744794.00,0.00,0.00,0.00,0.00,0.00,0.00
2301,26,782,81,4293,1,0,305,0,CONSERVAÇÃO ROTINEIRA DA MALHA VIÁRIA,INICIANDO,QUILÔMETRO,631,Não,Região Intermediária de Juíz de Fora,UBÁ,0.00,8512074.00,0.00,0.00,0.00,0.00,0.00,0.00
2301,26,782,81,4293,1,0,306,0,CONSERVAÇÃO ROTINEIRA DA MALHA VIÁRIA,INICIANDO,QUILÔMETRO,631,Não,Região Intermediária de Teófilo Otoni,TEÓFILO OTONI,0.00,8512074.00,0.00,0.00,0.00,0.00,0.00,0.00
2301,26,782,81,4293,1,0,307,0,CONSERVAÇÃO ROTINEIRA DA MALHA VIÁRIA,INICIANDO,QUILÔMETRO,631,Não,Região Intermediária de Montes Claros,SALINAS,0.00,8512074.00,0.00,0.00,0.00,0.00,0.00,0.00
2301,26,782,81,4293,1,0,308,0,CONSERVAÇÃO ROTINEIRA DA MALHA VIÁRIA,INICIANDO,QUILÔMETRO,631,Não,Região Intermediária de Uberlândia,ITUIUTABA,0.00,8512074.00,0.00,0.00,0.00,0.00,0.00,0.00
2301,26,782,81,4293,1,0,309,0,CONSERVAÇÃO ROTINEIRA DA MALHA VIÁRIA,INICIANDO,QUILÔMETRO,631,Não,Região Intermediária de Juíz de Fora,PONTE NOVA,0.00,8512074.00,0.00,0.00,0.00,0.00,0.00,0.00
2301,26,782,81,4293,1,0,310,0,CONSERVAÇÃO ROTINEIRA DA MALHA VIÁRIA,INICIANDO,QUILÔMETRO,631,Não,Região Intermediária de Montes Claros,JANAÚBA,0.00,8512074.00,0.00,0.00,0.00,0.00,0.00,0.00
2301,26,782,81,4293,1,0,311,0,CONSERVAÇÃO ROTINEIRA DA MALHA VIÁRIA,INICIANDO,QUILÔMETRO,631,Não,Região Intermediária de Pouso Alegre,POÇOS DE CALDAS,0.00,8512074.00,0.00,0.00,0.00,0.00,0.00,0.00
2301,26,782,81,4293,1,0,312,0,CONSERVAÇÃO ROTINEIRA DA MALHA VIÁRIA,INICIANDO,QUILÔMETRO,631,Não,Região Intermediária de Montes Claros,JANUÁRIA,0.00,8512074.00,0.00,0.00,0.00,0.00,0.00,0.00
2301,26,782,81,4293,1,0,313,0,CONSERVAÇÃO ROTINEIRA DA MALHA VIÁRIA,INICIANDO,QUILÔMETRO,631,Não,Região Intermediária de Teófilo Otoni,JEQUITINHONHA,0.00,8512074.00,0.00,0.00,0.00,0.00,0.00,0.00
2301,26,782,81,4293,1,0,314,0,CONSERVAÇÃO ROTINEIRA DA MALHA VIÁRIA,INICIANDO,QUILÔMETRO,631,Não,Região Intermediária de Montes Claros,PIRAPORA,0.00,8512074.00,0.00,0.00,0.00,0.00,0.00,0.00
2301,26,782,81,4293,1,0,315,0,CONSERVAÇÃO ROTINEIRA DA MALHA VIÁRIA,INICIANDO,QUILÔMETRO,631,Não,Região Intermediária de Teófilo Otoni,PEDRA AZUL,0.00,8512074.00,0.00,0.00,0.00,0.00,0.00,0.00
2301,26,782,81,4293,1,0,316,0,CONSERVAÇÃO ROTINEIRA DA MALHA VIÁRIA,INICIANDO,QUILÔMETRO,631,Não,Região Intermediária de Patos de Minas,JOÃO PINHEIRO,0.00,8512074.00,0.00,0.00,0.00,0.00,0.00,0.00
2301,26,782,81,4293,1,0,317,0,CONSERVAÇÃO ROTINEIRA DA MALHA VIÁRIA,INICIANDO,QUILÔMETRO,631,Não,Região Intermediária de Juíz de Fora,JUIZ DE FORA,0.00,8512074.00,0.00,0.00,0.00,0.00,0.00,0.00
2301,26,782,81,4293,1,0,318,0,CONSERVAÇÃO ROTINEIRA DA MALHA VIÁRIA,INICIANDO,QUILÔMETRO,631,Não,Região Intermediária de Juíz de Fora,MANHUMIRIM,0.00,8512074.00,0.00,0.00,0.00,0.00,0.00,0.00
2301,26,782,81,4293,1,0,319,0,CONSERVAÇÃO ROTINEIRA DA MALHA VIÁRIA,INICIANDO,QUILÔMETRO,631,Não,Região Intermediária de Uberlândia,MONTE CARMELO,0.00,8512074.00,0.00,0.00,0.00,0.00,0.00,0.00
2301,26,782,81,4293,1,0,320,0,CONSERVAÇÃO ROTINEIRA DA MALHA VIÁRIA,INICIANDO,QUILÔMETRO,631,Não,Região Intermediária de Patos de Minas,PATOS DE MINAS,0.00,8512074.00,0.00,0.00,0.00,0.00,0.00,0.00
2301,26,782,81,4293,1,0,321,0,CONSERVAÇÃO ROTINEIRA DA MALHA VIÁRIA,INICIANDO,QUILÔMETRO,631,Não,Região Intermediária de Montes Claros,MONTES CLAROS,0.00,8512074.00,0.00,0.00,0.00,0.00,0.00,0.00
2301,26,782,81,4293,1,0,322,0,CONSERVAÇÃO ROTINEIRA DA MALHA VIÁRIA,INICIANDO,QUILÔMETRO,631,Não,Região Intermediária de Divinópolis,OLIVEIRA,0.00,8512074.00,0.00,0.00,0.00,0.00,0.00,0.00
2301,26,782,81,4293,1,0,323,0,CONSERVAÇÃO ROTINEIRA DA MALHA VIÁRIA,INICIANDO,QUILÔMETRO,631,Não,Região Intermediária de Varginha,PASSOS,0.00,8512074.00,0.00,0.00,0.00,0.00,0.00,0.00
2301,26,782,81,4293,1,0,324,0,CONSERVAÇÃO ROTINEIRA DA MALHA VIÁRIA,INICIANDO,QUILÔMETRO,631,Não,Região Intermediária de Divinópolis,PARÁ DE MINAS,0.00,8512074.00,0.00,0.00,0.00,0.00,0.00,0.00
2301,26,782,81,4293,1,0,325,0,CONSERVAÇÃO ROTINEIRA DA MALHA VIÁRIA,INICIANDO,QUILÔMETRO,631,Não,Região Intermediária de Patos de Minas,PARACATU,0.00,8512074.00,0.00,0.00,0.00,0.00,0.00,0.00
2301,26,782,81,4293,1,0,326,0,CONSERVAÇÃO ROTINEIRA DA MALHA VIÁRIA,INICIANDO,QUILÔMETRO,645,Não,Região Intermediária de Belo Horizonte,BELO HORIZONTE,0.00,4512092.00,0.00,0.00,0.00,0.00,0.00,0.00
2301,26,782,81,4385,1,0,371,0,RECUPERAÇÃO MALHA VIÁRIA,INICIANDO,QUILÔMETRO,38,Não,Região Intermediária de Divinópolis,ABAETÉ,0.00,11071428.00,0.00,0.00,0.00,0.00,0.00,0.00
2301,26,782,81,4385,1,0,372,0,RE,INICIANDO,QUILÔMETRO,38,Não,Região Intermediária de Uberaba,ARAXÁ,0.00,11071428.00,0.00,0.00,0.00,0.00,0.00,0.00
2301,26,782,81,4385,1,0,373,0,RECUPERAÇÃO MALHA VIÁRIA,INICIANDO,QUILÔMETRO,38,Não,Região Intermediária de Barbacena,BARBACENA,0.00,11071428.00,0.00,0.00,0.00,0.00,0.00,0.00
2301,26,782,81,4385,1,0,374,0,RECUPERAÇÃO MALHA VIÁRIA,INICIANDO,QUILÔMETRO,38,Não,Região Intermediária de Teófilo Otoni,DIAMANTINA,0.00,11071428.00,0.00,0.00,0.00,0.00,0.00,0.00
2301,26,782,81,4385,1,0,375,0,RECUPERAÇÃO MALHA VIÁRIA,INICIANDO,QUILÔMETRO,38,Não,Região Intermediária de Governador Valadares,GOVERNADOR VALADARES,0.00,11071428.00,0.00,0.00,0.00,0.00,0.00,0.00
2301,26,782,81,4385,1,0,376,0,RECUPERAÇÃO MALHA VIÁRIA,INICIANDO,QUILÔMETRO,38,Não,Região Intermediária de Montes Claros,JANAÚBA,0.00,11071428.00,0.00,0.00,0.00,0.00,0.00,0.00
2301,26,782,81,4385,1,0,377,0,RECUPERAÇÃO MALHA VIÁRIA,INICIANDO,QUILÔMETRO,38,Não,Região Intermediária de Montes Claros,MONTES CLAROS,0.00,11071428.00,0.00,0.00,0.00,0.00,0.00,0.00
2301,26,782,81,4385,1,0,378,0,RECUPERAÇÃO MALHA VIÁRIA,INICIANDO,QUILÔMETRO,38,Não,Região Intermediária de Patos de Minas,PARACATU,0.00,11071428.00,0.00,0.00,0.00,0.00,0.00,0.00
2301,26,782,81,4385,1,0,379,0,REABILITAÇÃO DA MALHA VIÁRIA,INICIANDO,QUILÔMETRO,72,Não,Região Intermediária de Teófilo Otoni,PEDRA AZUL,0.00,11071428.00,0.00,0.00,0.00,0.00,0.00,0.00
2301,26,782,81,4385,1,0,380,0,REABILITAÇÃO DA MALHA VIÁRIA,INICIANDO,QUILÔMETRO,38,Não,Região Intermediária de Montes Claros,PIRAPORA,0.00,11071428.00,0.00,0.00,0.00,0.00,0.00,0.00
2301,26,782,81,4385,1,0,381,0,REABILITAÇÃO DA MALHA VIÁRIA,INICIANDO,QUILÔMETRO,38,Não,Região Intermediária de Juíz de Fora,UBÁ,0.00,11071428.00,0.00,0.00,0.00,0.00,0.00,0.00
2301,26,782,81,4385,1,0,382,0,RECUPERAÇÃO MALHA VIÁRIA,INICIANDO,QUILÔMETRO,38,Não,Região Intermediária de Uberaba,UBERABA,0.00,11071428.00,0.00,0.00,0.00,0.00,0.00,0.00
2301,26,782,81,4385,1,0,383,0,REABILITAÇÃO DA MALHA VIÁRIA,INICIANDO,QUILÔMETRO,10,Não,Região Intermediária de Uberlândia,UBERLÂNDIA,0.00,5035816.00,0.00,0.00,0.00,0.00,0.00,0.00
2301,26,782,81,4385,1,0,384,0,REABILITAÇÃO DA MALHA VIÁRIA,INICIANDO,QUILÔMETRO,500,Não,Região Intermediária de Belo Horizonte,BELO HORIZONTE,206570477.00,0.00,0.00,0.00,0.00,0.00,0.00,0.00
2311,12,363,7,4006,1,0,161,6959,"Construção de escolas, em atendimento ao Plano de Ações Articuladas - PAR na cidade de Bocaiuva - MG",PARALISADO,% DE EXECUÇÃO FÍSICA,1,Sim,Região Intermediária de Montes Claros,BOCAIÚVA,0.00,2632100.00,0.00,0.00,0.00,0.00,0.00,0.00
2311,12,363,7,4006,1,0,162,6960,"Construção de escolas, em atendimento ao Plano de Ações Articuladas - PAR em Brasilia de Minas-MG",PARALISADO,PORCENTAGEM DE OBRA REALIZADA,1,Sim,Região Intermediária de Montes Claros,BRASÍLIA DE MINAS,88911.00,7457618.00,0.00,0.00,0.00,0.00,0.00,0.00
2311,12,363,7,4006,1,0,163,0,Construção de escolas em atendimento ao Plano de Ações Articuladas PAR na cidade de Manga-MG,PARALISADO,% DE EXECUÇÃO FÍSICA,1,Sim,Região Intermediária de Montes Claros,MANGA,88911.00,7457617.00,0.00,0.00,0.00,0.00,0.00,0.00
2321,10,302,87,4222,1,0,197,0,ELAB.PROJ EXEC.ARQUIT.COMPL.REFORMA DE VÁRIAS UNIDADES DA FUNDAÇÃO HEMOMINAS,EXECUÇÃO,UNIDADE,1,Sim,Região Intermediária de Juíz de Fora,PONTE NOVA,5214112.00,3180000.00,5214112.00,0.00,5214112.00,0.00,5214112.00,0.00
2321,10,302,87,4222,1,0,198,0,EXECUÇÃO DE OBRA UNIDADE DE ITUIUTABA,INICIANDO,UNIDADE,1,Sim,Região Intermediária de Uberlândia,ITUIUTABA,80539.00,389700.00,80539.00,0.00,80539.00,0.00,80539.00,0.00
2321,10,302,87,4222,1,0,342,0,ELAB.PROJ EXEC.ARQUIT.COMPL.REFORMA DE VÁRIAS UNIDADES DA FUNDAÇÃO HEMOMINAS,INICIANDO,UNIDADE,21,Não,Região Intermediária de Belo Horizonte,BELO HORIZONTE,6414978.00,0.00,0.00,0.00,0.00,0.00,0.00,0.00
3051,12,364,15,4016,1,0,96,0,OBRAS PARA ATENDER O ENSINO SUPERIOR NO ILCT,INICIANDO,ALUNO,40,Não,Região Intermediária de Juíz de Fora,JUIZ DE FORA,3692000.00,0.00,0.00,0.00,0.00,0.00,0.00,0.00
3051,12,364,15,4016,1,0,97,0,OBRAS PARA ATENDER O ENSINO SUPERIOR NO ITAP,INICIANDO,ALUNO,20,Não,Região Intermediária de Divinópolis,PITANGUI,3692000.00,0.00,0.00,0.00,0.00,0.00,0.00,0.00
3051,19,571,16,4018,1,0,105,0,OBRA PARA MELHORIA DA INFRAESTRUTURA DA EPAMIG,INICIANDO,UNIDADE,26,Não,Região Intermediária de Patos de Minas,PATROCÍNIO,0.00,250000.00,0.00,0.00,0.00,0.00,0.00,0.00
3051,19,571,16,4018,1,0,106,0,OBRA MELHORIA DA INFRAESTRUTURA DA EPAMIG,INICIANDO,UNIDADE,27,Não,Região Intermediária de Belo Horizonte,FELIXLÂNDIA,0.00,376200.00,0.00,0.00,0.00,0.00,0.00,0.00
4291,10,122,59,2024,1,0,348,0,Reforma da estrutura física da sede administrativa da Unidade de Saúde de Teófilo Otoni.,INICIANDO,UNIDADE,1,Sim,Região Intermediária de Teófilo Otoni,TEÓFILO OTONI,100000.00,0.00,0.00,0.00,0.00,0.00,0.00,0.00
4291,10,122,59,2024,1,0,349,0,Reforma da estrutura física da sede administrativa da Unidade Regional de Saúde de Uberaba.,INICIANDO,UNIDADE,1,Sim,Região Intermediária de Uberaba,UBERABA,100000.00,0.00,0.00,0.00,0.00,0.00,0.00,0.00
4291,10,122,59,2024,1,0,350,0,Reforma da estrutura física da sede administrativa da Unidade de Saúde de Barbacena.,INICIANDO,UNIDADE,1,Sim,Região Intermediária de Barbacena,BARBACENA,30000.00,0.00,0.00,0.00,0.00,0.00,0.00,0.00
4291,10,122,59,2024,1,0,352,0,Reforma da estrutura física da sede administrativa da Unidade Regional de Saúde de Uberlândia.,INICIANDO,UNIDADE,1,Sim,Região Intermediária de Uberlândia,UBERLÂNDIA,100000.00,0.00,0.00,0.00,0.00,0.00,0.00,0.00
4291,10,122,59,2024,1,0,353,0,Reforma da estrutura física da sede administrativa da Unidade de Saúde de Ubá.,INICIANDO,UNIDADE,1,Sim,Região Intermediária de Juíz de Fora,UBÁ,100000.00,0.00,0.00,0.00,0.00,0.00,0.00,0.00
4291,10,122,59,2024,1,0,355,0,Reforma da estrutura física da sede administrativa da Unidade de Saúde de São João Del Rei.,INICIANDO,UNIDADE,1,Sim,Região Intermediária de Barbacena,SÃO JOÃO DEL REI,100000.00,0.00,0.00,0.00,0.00,0.00,0.00,0.00
4291,10,302,58,1020,1,1,359,0,Retomada das obras para conclusão do Hospital Regional de Teófilo Otoni.,INICIANDO,UNIDADE,1,Não,Região Intermediária de Teófilo Otoni,TEÓFILO OTONI,0.00,80621377.00,0.00,0.00,0.00,0.00,0.00,0.00
4291,10,302,58,1020,1,1,386,0,Retomada das obras para conclusão do Hospital Regional de Conselheiro Lafaiete.,PARALISADO,% DE EXECUÇÃO FÍSICA,60,Sim,Região Intermediária de Barbacena,CONSELHEIRO LAFAIETE,0.00,25160424.00,0.00,0.00,0.00,0.00,0.00,0.00
4291,10,302,58,1020,1,1,387,0,Retomada das obras para conclusão do Hospital Regional de Sete Lagoas.,INICIANDO,% DE EXECUÇÃO FÍSICA,60,Sim,Região Intermediária de Belo Horizonte,SETE LAGOAS,0.00,55382501.00,0.00,0.00,0.00,0.00,0.00,0.00
4291,10,302,58,1020,1,1,388,0,Retomada das obras para conclusão do Hospital Regional de Divinópolis.,INICIANDO,% DE EXECUÇÃO FÍSICA,60,Sim,Região Intermediária de Divinópolis,DIVINÓPOLIS,0.00,40548091.00,0.00,0.00,0.00,0.00,0.00,0.00
4291,10,302,58,1020,1,1,389,11540,Retomada das obras para conclusão do Hospital Regional de Juiz de Fora.,INICIANDO,% DE EXECUÇÃO FÍSICA,60,Sim,Região Intermediária de Juíz de Fora,JUIZ DE FORA,0.00,4338758.00,0.00,0.00,0.00,0.00,0.00,0.00
5031,19,572,133,3015,0,0,45,0,EXPOMINAS BH,INICIANDO,UNIDADE,2,Não,Região Intermediária de Belo Horizonte,BELO HORIZONTE,0.00,660000.00,0.00,0.00,0.00,0.00,0.00,0.00
5031,19,572,133,3015,0,0,46,0,OBRAS ARAXÁ,INICIANDO,UNIDADE,2,Não,Região Intermediária de Uberaba,ARAXÁ,0.00,6380000.00,0.00,0.00,0.00,0.00,0.00,0.00
5031,19,572,133,3015,0,0,47,0,VERTEDOURO BALNEÁRIO ÁGUAS SANTAS - TIRADENTES/MG,INICIANDO,UNIDADE,2,Não,Região Intermediária de Barbacena,TIRADENTES,0.00,2400000.00,0.00,0.00,0.00,0.00,0.00,0.00
5031,19,572,133,3015,0,0,48,0,ADEQUAÇÃO LICENCIAMENTO MINASCENTRO,INICIANDO,UNIDADE,2,Não,Região Intermediária de Belo Horizonte,BELO HORIZONTE,0.00,650000.00,0.00,1000.00,0.00,1000.00,0.00,1000.00
5031,19,572,133,3015,0,0,49,0,CONSORCIOS E SERVIDORES,INICIANDO,UNIDADE,2,Não,Estadual,DIVERSOS MUNICÍPIOS - ESTADUAL,0.00,2490000.00,0.00,0.00,0.00,0.00,0.00,0.00
5081,17,512,21,8008,0,0,395,0,"IMPLANTAÇÃO OU AMPLIAÇÃO REALIZADA EM SISTEMAS DE ABASTECIMENTO DE ÁGUA QUE PODEM CONTEMPLAR SISTEMA PRODUTOR QUE PODE SER ATRAVÉS DE POÇO PROFUNDO OU CAPTAÇÃO SUPERFICIAL, ESTAÇÃO DE TRATAMENTO DE ÁGUA, ADUTORAS, ESTAÇÕES ELEVATÓRIAS, RESERVATÓRIOS E REDES DE DISTRIBUIÇÃO DE ÁGUA PARA OPERAÇÃO DAS UNIDADES DE TRATAMENTO E DISTRIBUIÇÃO DE ÁGUA TRATADA EM LOCALIDADES QUE A COPASA TENHA OU VENHA A TER A CONCESSÃO PARA O SERVIÇO DE ABASTECIMENTO DE ÁGUA. IMPLANTAÇÃO OU AMPLIAÇÃO REALIZADA EM SISTEMAS DE ESGOTAMENTO SANITÁRIO QUE PODEM CONTEMPLAR ESTAÇÃO DE TRATAMENTO DE ESGOTO, ESTAÇÕES ELEVATÓRIAS, INTERCEPTORES E REDES COLETORAS PARA OPERAÇÃO DAS UNIDADES DE COLETA E TRATAMENTO DE ESGOTO EM LOCALIDADES QUE A COPASA TENHA OU VENHA A TER A CONCESSÃO PARA O SERVIÇO DE ESGOTAMENTO SANITÁRIO.",EXECUÇÃO,ECONOMIA RESIDENCIAL,92000,Não,Estadual,DIVERSOS MUNICÍPIOS - ESTADUAL,0.00,1410000000.00,0.00,1388000000.00,0.00,1388000000.00,0.00,1388000000.00
5141,4,126,30,6006,0,0,50,0,"ELABORAÇÃO E EXECUÇÃO DE PROJETOS RELACIONADOS À REFORMA, MODERNIZAÇÃO E ADEQUAÇÃO DAS INSTALAÇÕES PREDIAIS DA COMPANHIA",INICIANDO,PERCENTUAL,100,Não,Estadual,DIVERSOS MUNICÍPIOS - ESTADUAL,0.00,3280000.00,0.00,13250000.00,0.00,6250000.00,0.00,3250000.00
5251,25,121,123,3013,0,0,93,0,"EXPANSÃO DA INFRAESTRUTURA DE DISTRIBUIÇÃO DE GÁS NATURAL, EM GASODUTOS VIRTUAIS E PRIMÁRIOS, EM MINAS GERAIS.",INICIANDO,AÇÃO,292,Não,Região Intermediária de Belo Horizonte,BELO HORIZONTE,409881263.00,409881263.00,416795211.00,416795211.00,433214634.00,433214634.00,285354938.00,285354938.00
5391,25,752,92,3004,0,0,21,0,EXPANSÃO E AQUISIÇÃO DO SISTEMA DE TRANSMISSÃO,EXECUÇÃO,UNIDADE,4,Não,Região Intermediária de Belo Horizonte,DIVERSOS MUNICÍPIOS - REGIÃO INTERMEDIÁRIA DE BELO HORIZONTE,0.00,64463632.00,0.00,67170650.00,0.00,18488267.00,0.00,0.00
5391,25,752,92,3004,0,0,22,0,EXPANSÃO E AQUISIÇÃO DO SISTEMA DE TRANSMISSÃO,EXECUÇÃO,UNIDADE,1,Não,Região Intermediária de Divinópolis,DIVERSOS MUNICÍPIOS - REGIÃO INTERMEDIÁRIA DE DIVINÓPOLIS,0.00,18351371.00,0.00,18186779.00,0.00,0.00,0.00,0.00
5391,25,752,92,3004,0,0,23,0,EXPANSÃO E AQUISIÇÃO DO SISTEMA DE TRANSMISSÃO,EXECUÇÃO,UNIDADE,2,Não,Região Intermediária de Ipatinga,DIVERSOS MUNICÍPIOS - REGIÃO INTERMEDIÁRIA DE IPATINGA,0.00,12200672.00,0.00,9039384.00,0.00,0.00,0.00,0.00
5391,25,752,92,3004,0,0,24,0,EXPANSÃO E AQUISIÇÃO DO SISTEMA DE TRANSMISSÃO,EXECUÇÃO,UNIDADE,1,Não,Região Intermediária de Juíz de Fora,DIVERSOS MUNICÍPIOS - REGIÃO INTERMEDIÁRIA DE JUÍZ DE FORA,0.00,749073.00,0.00,3644159.00,0.00,0.00,0.00,0.00
5391,25,752,92,3004,0,0,25,0,EXPANSÃO E AQUISIÇÃO DO SISTEMA DE TRANSMISSÃO,EXECUÇÃO,UNIDADE,1,Não,Região Intermediária de Montes Claros,DIVERSOS MUNICÍPIOS - REGIÃO INTERMEDIÁRIA DE MONTES CLAROS,0.00,15117086.00,0.00,73356054.00,0.00,41670854.00,0.00,13570642.00
5391,25,752,92,3004,0,0,26,0,EXPANSÃO E AQUISIÇÃO DO SISTEMA DE TRANSMISSÃO,EXECUÇÃO,UNIDADE,1,Não,Região Intermediária de Pouso Alegre,DIVERSOS MUNICÍPIOS - REGIÃO INTERMEDIÁRIA DE POUSO ALEGRE,0.00,40701410.00,0.00,277702.00,0.00,0.00,0.00,0.00
5391,25,752,92,3004,0,0,27,0,EXPANSÃO E AQUISIÇÃO DO SISTEMA DE TRANSMISSÃO,EXECUÇÃO,UNIDADE,2,Não,Região Intermediária de Uberaba,DIVERSOS MUNICÍPIOS - REGIÃO INTERMEDIÁRIA DE UBERABA,0.00,30960705.00,0.00,33334550.00,0.00,31941527.00,0.00,0.00
5391,25,752,92,3004,0,0,28,0,EXPANSÃO E AQUISIÇÃO DO SISTEMA DE TRANSMISSÃO,EXECUÇÃO,UNIDADE,1,Não,Região Intermediária de Uberlândia,DIVERSOS MUNICÍPIOS - REGIÃO INTERMEDIÁRIA DE UBERLÂNDIA,0.00,903230.00,0.00,5310430.00,0.00,0.00,0.00,0.00
5391,25,752,92,3004,0,0,29,0,EXPANSÃO E AQUISIÇÃO DO SISTEMA DE TRANSMISSÃO,EXECUÇÃO,UNIDADE,1,Não,Estadual,DIVERSOS MUNICÍPIOS - ESTADUAL,0.00,15493024.00,0.00,14350000.00,0.00,0.00,0.00,0.00
5391,25,752,92,3005,0,0,30,0,REFORMAS DE SUBESTAÇÕES E LINHAS DE TRANSMISSÃO,EXECUÇÃO,UNIDADE,1,Não,Região Intermediária de Barbacena,DIVERSOS MUNICÍPIOS - REGIÃO INTERMEDIÁRIA DE BARBACENA,0.00,4671650.00,0.00,25457731.00,0.00,4169945.00,0.00,20660732.00
5391,25,752,92,3005,0,0,31,0,REFORMAS DE SUBESTAÇÕES E LINHAS DE TRANSMISSÃO,EXECUÇÃO,UNIDADE,1,Não,Região Intermediária de Belo Horizonte,DIVERSOS MUNICÍPIOS - REGIÃO INTERMEDIÁRIA DE BELO HORIZONTE,0.00,46552654.00,0.00,148470607.00,0.00,202616016.00,0.00,125656975.00
5391,25,752,92,3005,0,0,32,0,REFORMAS DE SUBESTAÇÕES E LINHAS DE TRANSMISSÃO,EXECUÇÃO,UNIDADE,1,Não,Região Intermediária de Divinópolis,DIVERSOS MUNICÍPIOS - REGIÃO INTERMEDIÁRIA DE DIVINÓPOLIS,0.00,13684605.00,0.00,24101202.00,0.00,10241872.00,0.00,15576475.00
5391,25,752,92,3005,0,0,33,0,REFORMAS DE SUBESTAÇÕES E LINHAS DE TRANSMISSÃO,EXECUÇÃO,UNIDADE,1,Não,Região Intermediária de Governador Valadares,DIVERSOS MUNICÍPIOS - REGIÃO INTERMEDIÁRIA DE GOVERNADOR VALADARES,0.00,1280000.00,0.00,17349423.00,0.00,29671909.00,0.00,21352654.00
5391,25,752,92,3005,0,0,34,0,REFORMAS DE SUBESTAÇÕES E LINHAS DE TRANSMISSÃO,EXECUÇÃO,UNIDADE,1,Não,Região Intermediária de Ipatinga,DIVERSOS MUNICÍPIOS - REGIÃO INTERMEDIÁRIA DE IPATINGA,0.00,16177065.00,0.00,50824821.00,0.00,52951623.00,0.00,30208222.00
5391,25,752,92,3005,0,0,35,0,REFORMAS DE SUBESTAÇÕES E LINHAS DE TRANSMISSÃO,EXECUÇÃO,UNIDADE,1,Não,Região Intermediária de Juíz de Fora,DIVERSOS MUNICÍPIOS - REGIÃO INTERMEDIÁRIA DE JUÍZ DE FORA,0.00,716368.00,0.00,11724151.00,0.00,669016.00,0.00,23500746.00
5391,25,752,92,3005,0,0,36,0,REFORMAS DE SUBESTAÇÕES E LINHAS DE TRANSMISSÃO,EXECUÇÃO,UNIDADE,1,Não,Região Intermediária de Montes Claros,DIVERSOS MUNICÍPIOS - REGIÃO INTERMEDIÁRIA DE MONTES CLAROS,0.00,16689185.00,0.00,91854231.00,0.00,76848075.00,0.00,46129193.00
5391,25,752,92,3005,0,0,37,0,REFORMAS DE SUBESTAÇÕES E LINHAS DE TRANSMISSÃO,EXECUÇÃO,UNIDADE,1,Não,Região Intermediária de Pouso Alegre,DIVERSOS MUNICÍPIOS - REGIÃO INTERMEDIÁRIA DE POUSO ALEGRE,0.00,4804338.00,0.00,1965000.00,0.00,0.00,0.00,0.00
5391,25,752,92,3005,0,0,38,0,REFORMAS DE SUBESTAÇÕES E LINHAS DE TRANSMISSÃO,EXECUÇÃO,UNIDADE,1,Não,Região Intermediária de Uberaba,DIVERSOS MUNICÍPIOS - REGIÃO INTERMEDIÁRIA DE UBERABA,0.00,73431695.00,0.00,90525277.00,0.00,87502566.00,0.00,91741380.00
5391,25,752,92,3005,0,0,39,0,REFORMAS DE SUBESTAÇÕES E LINHAS DE TRANSMISSÃO,EXECUÇÃO,UNIDADE,1,Não,Região Intermediária de Uberlândia,DIVERSOS MUNICÍPIOS - REGIÃO INTERMEDIÁRIA DE UBERLÂNDIA,0.00,41440409.00,0.00,11615612.00,0.00,12854837.00,0.00,51737981.00
5391,25,752,92,3005,0,0,40,0,REFORMAS DE SUBESTAÇÕES E LINHAS DE TRANSMISSÃO,EXECUÇÃO,UNIDADE,1,Não,Região Intermediária de Varginha,DIVERSOS MUNICÍPIOS - REGIÃO INTERMEDIÁRIA DE VARGINHA,0.00,817866.00,0.00,9725528.00,0.00,22285802.00,0.00,21166631.00
5391,25,752,92,3005,0,0,41,0,REFORMAS DE SUBESTAÇÕES E LINHAS DE TRANSMISSÃO,EXECUÇÃO,UNIDADE,1,Não,Estadual,DIVERSOS MUNICÍPIOS - ESTADUAL,0.00,21556074.00,0.00,32249383.00,0.00,37593579.00,0.00,32622214.00
5391,25,752,94,3001,0,0,42,0,EXPANSÃO DO SISTEMA DE GERAÇÃO,EXECUÇÃO,UNIDADE,1,Não,Região Intermediária de Montes Claros,DIVERSOS MUNICÍPIOS - REGIÃO INTERMEDIÁRIA DE MONTES CLAROS,0.00,24673817.00,0.00,0.00,0.00,0.00,0.00,0.00
5391,25,752,94,3001,0,0,43,0,EXPANSÃO DO SISTEMA DE GERAÇÃO,EXECUÇÃO,UNIDADE,1,Não,Região Intermediária de Patos de Minas,DIVERSOS MUNICÍPIOS - REGIÃO INTERMEDIÁRIA DE PATOS DE MINAS,0.00,24423146.00,0.00,0.00,0.00,0.00,0.00,0.00
5401,25,752,72,3002,0,0,7,0,EXECUÇÃO DO PLANO DE DESENVOLVIMENTO DA DISTRIBUIDORA (PDD),EXECUÇÃO,UNIDADE,15,Não,Região Intermediária de Barbacena,DIVERSOS MUNICÍPIOS - REGIÃO INTERMEDIÁRIA DE BARBACENA,0.00,110105088.00,0.00,122825942.00,0.00,154836385.00,0.00,142258628.00
5401,25,752,72,3002,0,0,8,0,EXECUÇÃO DO PLANO DE DESENVOLVIMENTO DA DISTRIBUIDORA (PDD),EXECUÇÃO,UNIDADE,80,Não,Região Intermediária de Belo Horizonte,DIVERSOS MUNICÍPIOS - REGIÃO INTERMEDIÁRIA DE BELO HORIZONTE,0.00,726324680.00,0.00,859831029.00,0.00,863237653.00,0.00,527976420.00
5401,25,752,72,3002,0,0,9,0,EXECUÇÃO DO PLANO DE DESENVOLVIMENTO DA DISTRIBUIDORA (PDD),EXECUÇÃO,UNIDADE,83,Não,Região Intermediária de Divinópolis,DIVERSOS MUNICÍPIOS - REGIÃO INTERMEDIÁRIA DE DIVINÓPOLIS,0.00,353806722.00,0.00,344167183.00,0.00,401499310.00,0.00,342915468.00
5401,25,752,72,3002,0,0,10,0,EXECUÇÃO DO PLANO DE DESENVOLVIMENTO DA DISTRIBUIDORA (PDD),EXECUÇÃO,UNIDADE,1,Não,Região Intermediária de Governador Valadares,DIVERSOS MUNICÍPIOS - REGIÃO INTERMEDIÁRIA DE GOVERNADOR VALADARES,0.00,120100570.00,0.00,287268604.00,0.00,182151414.00,0.00,153489073.00
5401,25,752,72,3002,0,0,11,0,EXECUÇÃO DO PLANO DE DESENVOLVIMENTO DA DISTRIBUIDORA (PDD),EXECUÇÃO,UNIDADE,25,Não,Região Intermediária de Ipatinga,DIVERSOS MUNICÍPIOS - REGIÃO INTERMEDIÁRIA DE IPATINGA,0.00,98230858.00,0.00,144051956.00,0.00,178681504.00,0.00,186607380.00
5401,25,752,72,3002,0,0,12,0,EXECUÇÃO DO PLANO DE DESENVOLVIMENTO DA DISTRIBUIDORA (PDD),EXECUÇÃO,UNIDADE,65,Não,Região Intermediária de Juíz de Fora,DIVERSOS MUNICÍPIOS - REGIÃO INTERMEDIÁRIA DE JUÍZ DE FORA,0.00,370862856.00,0.00,352372357.00,0.00,412953428.00,0.00,420297410.00
5401,25,752,72,3002,0,0,13,0,EXECUÇÃO DO PLANO DE DESENVOLVIMENTO DA DISTRIBUIDORA (PDD),EXECUÇÃO,UNIDADE,80,Não,Região Intermediária de Montes Claros,DIVERSOS MUNICÍPIOS - REGIÃO INTERMEDIÁRIA DE MONTES CLAROS,0.00,421204358.00,0.00,489659419.00,0.00,526822948.00,0.00,506261509.00
5401,25,752,72,3002,0,0,14,0,EXECUÇÃO DO PLANO DE DESENVOLVIMENTO DA DISTRIBUIDORA (PDD),EXECUÇÃO,UNIDADE,145,Não,Região Intermediária de Patos de Minas,DIVERSOS MUNICÍPIOS - REGIÃO INTERMEDIÁRIA DE PATOS DE MINAS,0.00,323743010.00,0.00,220962542.00,0.00,264145839.00,0.00,226401320.00
5401,25,752,72,3002,0,0,15,0,EXECUÇÃO DO PLANO DE DESENVOLVIMENTO DA DISTRIBUIDORA (PDD),EXECUÇÃO,UNIDADE,40,Não,Região Intermediária de Pouso Alegre,DIVERSOS MUNICÍPIOS - REGIÃO INTERMEDIÁRIA DE POUSO ALEGRE,0.00,173871149.00,0.00,175688647.00,0.00,199716376.00,0.00,185023098.00
5401,25,752,72,3002,0,0,16,0,EXECUÇÃO DO PLANO DE DESENVOLVIMENTO DA DISTRIBUIDORA (PDD),EXECUÇÃO,UNIDADE,45,Não,Região Intermediária de Teófilo Otoni,DIVERSOS MUNICÍPIOS - REGIÃO INTERMEDIÁRIA DE TEÓFILO OTONI,0.00,215436922.00,0.00,276033928.00,0.00,270093200.00,0.00,242950628.00
5401,25,752,72,3002,0,0,17,0,EXECUÇÃO DO PLANO DE DESENVOLVIMENTO DA DISTRIBUIDORA (PDD),EXECUÇÃO,UNIDADE,30,Não,Região Intermediária de Uberaba,DIVERSOS MUNICÍPIOS - REGIÃO INTERMEDIÁRIA DE UBERABA,0.00,110565893.00,0.00,155093520.00,0.00,235966080.00,0.00,198983124.00
5401,25,752,72,3002,0,0,18,0,EXECUÇÃO DO PLANO DE DESENVOLVIMENTO DA DISTRIBUIDORA (PDD),EXECUÇÃO,UNIDADE,50,Não,Região Intermediária de Uberlândia,DIVERSOS MUNICÍPIOS - REGIÃO INTERMEDIÁRIA DE UBERLÂNDIA,0.00,134543898.00,0.00,153874367.00,0.00,233587134.00,0.00,186906495.00
5401,25,752,72,3002,0,0,19,0,EXECUÇÃO DO PLANO DE DESENVOLVIMENTO DA DISTRIBUIDORA (PDD),EXECUÇÃO,UNIDADE,30,Não,Região Intermediária de Varginha,DIVERSOS MUNICÍPIOS - REGIÃO INTERMEDIÁRIA DE VARGINHA,0.00,193964617.00,0.00,195427106.00,0.00,245125024.00,0.00,226089618.00
5401,25,752,72,3002,0,0,20,0,EXECUÇÃO DO PLANO DE DESENVOLVIMENTO DA DISTRIBUIDORA (PDD),EXECUÇÃO,UNIDADE,1,Não,Estadual,DIVERSOS MUNICÍPIOS - ESTADUAL,0.00,134672413.00,0.00,153467750.00,0.00,160742426.00,0.00,157438322.00
